Date,portfolio_value,return,weight_AAPL,weight_AGG,weight_AMZN,weight_GLD,weight_GOOGL,weight_META,weight_MSFT,weight_SPY,weight_TLT,weight_XLE,weight_XLF,weight_XLK,weight_XLP,weight_XLV,cumulative_return,drawdown
2023-06-07,1.0,0.0,0.4,0.4,-0.4,0.39999998,-0.4,0.4,0.4,0.4,0.4,0.39999887,0.4,-0.4,0.4,0.3999981,0.0,0.0
2023-06-08,0.9978427173441119,-0.002157282655888104,0.4,0.4,-0.4,0.39999998,-0.4,0.4,0.4,0.4,0.4,0.39999902,0.4,-0.4,0.4,0.39999828,-0.002157282655888104,-0.002157282655888104
2023-06-09,0.9813959400079947,-0.01648233439022584,0.4,0.4,-0.4,0.39999998,-0.4,0.4,0.4,0.4,0.4,0.39999905,0.4,-0.4,0.4,0.39999822,-0.018604059992005317,-0.018604059992005317
2023-06-12,0.9820767402923677,0.0006937060330283185,0.4,0.4,-0.4,0.39999998,-0.4,0.4,0.4,0.4,0.4,0.3999991,0.4,-0.4,0.4,0.39999834,-0.01792325970763231,-0.01792325970763231
2023-06-13,0.9828523430573166,0.0007897577990880755,0.4,0.4,-0.4,0.39999998,-0.4,0.4,0.4,0.4,0.4,0.39999923,0.4,-0.4,0.4,0.3999984,-0.017147656942683387,-0.017147656942683387
2023-06-14,0.984957166748464,0.002141546190549848,0.4,0.4,-0.4,0.39999998,-0.4,0.4,0.4,0.4,0.4,0.399999,0.4,-0.4,0.4,0.39999822,-0.015042833251535992,-0.015042833251535992
2023-06-15,1.036199663484944,0.05202510166573182,0.4,0.4,-0.4,0.39999998,-0.4,0.4,0.4,0.4,0.4,0.39999896,0.4,-0.4,0.4,0.39999816,0.03619966348494397,0.0
2023-06-16,1.033576804588224,-0.0025312292496783018,0.4,0.4,-0.4,0.39999998,-0.4,0.4,0.4,0.4,0.4,0.399999,0.4,-0.4,0.4,0.3999983,0.033576804588224096,-0.00253122924967827
2023-06-20,1.0180264964783023,-0.01504514037166016,0.4,0.4,-0.4,0.39999998,-0.4,0.4,0.4,0.4,0.4,0.3999991,0.4,-0.4,0.4,0.39999846,0.018026496478302345,-0.017538286921964127
2023-06-21,1.0271951754208404,0.009006326430849976,0.4,0.4,-0.4,0.4,-0.4,0.4,0.4,0.4,0.4,0.39999923,0.4,-0.4,0.4,0.39999864,0.02719517542084038,-0.008689916028171363
2023-06-22,1.003349110453697,-0.02321473614532288,0.4,0.4,-0.4,0.4,-0.4,0.4,0.4,0.4,0.4,0.39999923,0.4,-0.4,0.4,0.3999986,0.003349110453696902,-0.03170291806577525
2023-06-23,1.0067555894002744,0.003395108353698717,0.4,0.4,-0.4,0.4,-0.4,0.4,0.4,0.4,0.4,0.39999932,0.4,-0.4,0.4,0.39999864,0.006755589400274431,-0.028415444554038268
2023-06-26,1.008578783455673,0.0018109599535320875,0.4,0.4,-0.4,0.4,-0.4,0.4,0.4,0.4,0.4,0.39999944,0.4,-0.4,0.4,0.39999887,0.008578783455672978,-0.0266559438326553
2023-06-27,1.025784884246147,0.017059748898862415,0.4,0.4,-0.4,0.4,-0.4,0.4,0.4,0.4,0.4,0.3999995,0.4,-0.4,0.4,0.399999,0.025784884246147,-0.010050938642240057
2023-06-28,1.0225238169844395,-0.003179094673542604,0.4,0.4,-0.4,0.4,-0.4,0.4,0.4,0.4,0.4,0.39999947,0.4,-0.4,0.4,0.39999902,0.022523816984439504,-0.013198080430281063
2023-06-29,1.028190636381961,0.005541992571120424,0.4,0.4,-0.4,0.4,-0.4,0.4,0.4,0.4,0.4,0.39999947,0.4,-0.4,0.4,0.39999902,0.028190636381961065,-0.007729231522858214
2023-06-30,1.0633131989422049,0.034159582199497995,0.4,0.4,-0.4,0.4,-0.4,0.4,0.4,0.4,0.4,0.39999947,0.4,-0.4,0.4,0.399999,0.06331319894220488,0.0
2023-07-03,1.0573266091587283,-0.005630128347350549,0.4,0.4,-0.4,0.4,-0.4,0.4,0.4,0.4,0.4,0.39999953,0.4,-0.4,0.4,0.39999908,0.05732660915872834,-0.005630128347350593
2023-07-05,1.0507329571274326,-0.006236154442894382,0.4,0.4,-0.4,0.4,-0.4,0.4,0.4,0.4,0.4,0.3999995,0.4,-0.4,0.4,0.39999908,0.05073295712743264,-0.011831172440337615
2023-07-06,1.034866245422528,-0.015100612955248116,0.4,0.4,-0.4,0.4,-0.4,0.4,0.4,0.4,0.4,0.3999995,0.4,-0.4,0.4,0.39999905,0.03486624542252792,-0.02675312743975744
2023-07-07,1.0237958468781736,-0.010697419684255305,0.4,0.4,-0.4,0.4,-0.4,0.4,0.4,0.4,0.4,0.39999953,0.4,-0.4,0.4,0.3999991,0.0237958468781736,-0.037164357691923285
2023-07-10,1.0466968624142237,0.022368732600235974,0.4,0.4,-0.4,0.4,-0.4,0.4,0.4,0.4,0.4,0.39999956,0.4,-0.4,0.4,0.39999917,0.04669686241422366,-0.015626944671157408
2023-07-11,1.0656633649677525,0.018120339550633968,0.4,0.4,-0.4,0.4,-0.4,0.4,0.4,0.4,0.4,0.39999965,0.4,-0.4,0.4,0.39999923,0.06566336496775249,0.0
2023-07-12,1.0972645989221173,0.029654049292874962,0.4,0.4,-0.4,0.4,-0.4,0.4,0.4,0.4,0.4,0.39999962,0.4,-0.4,0.4,0.39999926,0.09726459892211725,0.0
2023-07-13,1.0867765289504965,-0.009558378154114866,0.4,0.4,-0.4,0.4,-0.4,0.4,0.4,0.4,0.4,0.39999968,0.4,-0.4,0.4,0.39999932,0.08677652895049648,-0.009558378154114863
2023-07-14,1.0677601036766853,-0.017498008806074772,0.4,0.4,-0.4,0.4,-0.4,0.4,0.4,0.4,0.4,0.39999968,0.4,-0.4,0.4,0.3999993,0.06776010367668528,-0.026889134375077176
2023-07-17,1.0814360482711805,0.012808068542178974,0.4,0.4,-0.4,0.4,-0.4,0.4,0.4,0.4,0.4,0.3999997,0.4,-0.4,0.4,0.39999938,0.08143604827118045,-0.014425463709013996
2023-07-18,1.1230765835668264,0.038504852286192826,0.4,0.4,-0.4,0.4,-0.4,0.4,0.4,0.4,0.4,0.39999977,0.4,-0.4,0.4,0.39999944,0.12307658356682638,0.0
2023-07-19,1.1439907051368101,0.018622168671313277,0.4,0.4,-0.4,0.4,-0.4,0.4,0.4,0.4,0.4,0.39999977,0.4,-0.4,0.4,0.39999947,0.14399070513681012,0.0
2023-07-20,1.1542477301005687,0.008966003760084718,0.4,0.4,-0.4,0.4,-0.4,0.4,0.4,0.4,0.4,0.39999983,0.4,-0.4,0.4,0.39999953,0.1542477301005687,0.0
2023-07-21,1.1394101076356051,-0.01285479891190322,0.4,0.4,-0.4,0.4,-0.4,0.4,0.4,0.4,0.4,0.39999983,0.4,-0.4,0.4,0.39999956,0.13941010763560513,-0.012854798911903229
2023-07-24,1.1467578868472306,0.006448757266927174,0.4,0.4,-0.4,0.4,-0.4,0.4,0.4,0.4,0.4,0.39999986,0.4,-0.4,0.4,0.3999996,0.14675788684723057,-0.00648893912287403
2023-07-25,1.1536892962545213,0.006044352942143005,0.4,0.4,-0.4,0.4,-0.4,0.4,0.4,0.4,0.4,0.39999986,0.4,-0.4,0.4,0.3999996,0.15368929625452132,-0.00048380761900975296
2023-07-26,1.1353246790566358,-0.015918165538595708,0.4,0.4,-0.4,0.4,-0.4,0.4,0.4,0.4,0.4,0.39999983,0.4,-0.4,0.4,0.39999956,0.1353246790566358,-0.01639427182783728
2023-07-27,1.104484343694396,-0.027164330989321583,0.4,0.4,-0.4,0.4,-0.4,0.4,0.4,0.4,0.4,0.39999983,0.4,-0.4,0.4,0.39999956,0.10448434369439608,-0.04311326339089856
2023-07-28,1.1296314658028974,0.02276820151600023,0.4,0.4,-0.4,0.4,-0.4,0.4,0.4,0.4,0.4,0.39999983,0.4,-0.4,0.4,0.3999996,0.12963146580289742,-0.021326673343794646
2023-07-31,1.120110581176306,-0.008428310395748762,0.4,0.4,-0.4,0.4,-0.4,0.4,0.4,0.4,0.4,0.39999983,0.4,-0.4,0.4,0.3999996,0.12011058117630591,-0.029575235916893195
2023-08-01,1.1113029067518916,-0.007863218661111837,0.4,0.4,-0.4,0.4,-0.4,0.4,0.4,0.4,0.4,0.39999986,0.4,-0.4,0.4,0.39999962,0.11130290675189158,-0.03720589803103651
2023-08-02,1.0928036188531094,-0.016646485657858867,0.4,0.4,-0.4,0.4,-0.4,0.4,0.4,0.4,0.4,0.3999999,0.4,-0.4,0.4,0.39999965,0.0928036188531094,-0.05323303624093393
2023-08-03,1.0729217890050218,-0.01819341508857142,0.4,0.4,-0.4,0.4,-0.4,0.4,0.4,0.4,0.4,0.3999999,0.4,-0.4,0.4,0.39999968,0.07292178900502178,-0.07045796060474908
2023-08-04,1.0257393761053544,-0.04397563119994252,0.4,0.4,-0.4,0.4,-0.4,0.4,0.4,0.4,0.4,0.3999999,0.4,-0.4,0.4,0.39999968,0.025739376105354372,-0.1113351585140371
2023-08-07,1.0224002980615154,-0.0032552889375438987,0.4,0.4,-0.4,0.4,-0.4,0.4,0.4,0.4,0.4,0.39999992,0.4,-0.4,0.4,0.39999968,0.022400298061515445,-0.11422801934171053
2023-08-08,1.0244696354492655,0.00202399920234142,0.4,0.4,-0.4,0.4,-0.4,0.4,0.4,0.4,0.4,0.39999992,0.4,-0.4,0.4,0.39999965,0.024469635449265503,-0.11243521755940185
2023-08-09,1.0234248397914263,-0.0010198405318094794,0.4,0.4,-0.4,0.4,-0.4,0.4,0.4,0.4,0.4,0.39999992,0.4,-0.4,0.4,0.39999965,0.02342483979142629,-0.11334039209914142
2023-08-10,1.011791880838377,-0.01136669592211581,0.4,0.4,-0.4,0.4,-0.4,0.4,0.4,0.4,0.4,0.39999992,0.4,-0.4,0.4,0.39999962,0.011791880838377011,-0.12341878224857294
2023-08-11,1.0156975394482435,0.0038601402954827613,0.4,0.4,-0.4,0.4,-0.4,0.4,0.4,0.4,0.4,0.39999992,0.4,-0.4,0.4,0.3999996,0.01569753944824348,-0.12003505576766735
2023-08-14,1.0076140639478217,-0.007958545912017168,0.4,0.4,-0.4,0.4,-0.4,0.4,0.4,0.4,0.4,0.3999999,0.4,-0.4,0.4,0.3999996,0.007614063947821714,-0.12703829717730603
2023-08-15,0.9809466194738391,-0.026465931181527846,0.4,0.4,-0.4,0.4,-0.4,0.4,0.4,0.4,0.4,0.39999992,0.4,-0.4,0.4,0.3999996,-0.0190533805261609,-0.15014204152832078
2023-08-16,0.9654882642384961,-0.01575861002878487,0.4,0.4,-0.4,0.4,-0.4,0.4,0.4,0.4,0.4,0.3999999,0.4,-0.4,0.4,0.39999953,-0.0345117357615039,-0.16353462167573518
2023-08-17,0.936985146303142,-0.02952197244762489,0.4,0.4,-0.4,0.4,-0.4,0.4,0.4,0.4,0.4,0.3999999,0.4,-0.4,0.4,0.3999995,-0.063014853696858,-0.18822872952801628
2023-08-18,0.9513244222847105,0.015303632120683863,0.4,0.4,-0.4,0.4,-0.4,0.4,0.4,0.4,0.4,0.3999999,0.4,-0.4,0.4,0.39999947,-0.04867557771528952,-0.17580568063857285
2023-08-21,0.947074526275614,-0.0044673466900911896,0.4,0.4,-0.4,0.4,-0.4,0.4,0.4,0.4,0.4,0.3999999,0.4,-0.4,0.4,0.3999995,-0.05292547372438605,-0.1794876424031641
2023-08-22,0.9402283526011027,-0.007228759178471322,0.4,0.4,-0.4,0.4,-0.4,0.4,0.4,0.4,0.4,0.3999999,0.4,-0.4,0.4,0.3999995,-0.05977164739889729,-0.18541892863919138
2023-08-23,0.9698344609029966,0.0314882105182106,0.4,0.4,-0.4,0.4,-0.4,0.4,0.4,0.4,0.4,0.39999986,0.4,-0.4,0.4,0.39999947,-0.03016553909700337,-0.15976922838003266
2023-08-24,0.9491198052943011,-0.021358960156363738,0.4,0.4,-0.4,0.4,-0.4,0.4,0.4,0.4,0.4,0.39999983,0.4,-0.4,0.4,0.39999944,-0.05088019470569893,-0.17771568395321427
2023-08-25,0.9611391373740175,0.01266366165016386,0.4,0.4,-0.4,0.4,-0.4,0.4,0.4,0.4,0.4,0.39999983,0.4,-0.4,0.4,0.39999938,-0.03886086262598254,-0.1673025535945614
2023-08-28,0.977835138258256,0.017371055068940988,0.4,0.4,-0.4,0.4,-0.4,0.4,0.4,0.4,0.4,0.39999983,0.4,-0.4,0.4,0.39999938,-0.022164861741744035,-0.15283772039728596
2023-08-29,1.004384131911042,0.027150787094924578,0.4,0.4,-0.4,0.4,-0.4,0.4,0.4,0.4,0.4,0.39999983,0.4,-0.4,0.4,0.39999938,0.004384131911042033,-0.1298365977089417
2023-08-30,1.0059059076921628,0.00151513323714636,0.4,0.4,-0.4,0.4,-0.4,0.4,0.4,0.4,0.4,0.3999998,0.4,-0.4,0.4,0.39999938,0.005905907692162815,-0.1285181842163822
2023-08-31,0.9876592065948409,-0.018139570468559185,0.4,0.4,-0.4,0.4,-0.4,0.4,0.4,0.4,0.4,0.3999998,0.4,-0.4,0.4,0.39999938,-0.012340793405159145,-0.144326490025857
2023-09-01,0.994775323578843,0.007205032805330136,0.4,0.4,-0.4,0.4,-0.4,0.4,0.4,0.4,0.4,0.39999974,0.4,-0.4,0.4,0.39999935,-0.005224676421156982,-0.13816133431584135
2023-09-05,0.9848225069888358,-0.010005089947547785,0.4,0.4,-0.4,0.4,-0.4,0.4,0.4,0.4,0.4,0.39999974,0.4,-0.4,0.4,0.39999938,-0.015177493011164223,-0.1467841076862859
2023-09-06,0.9756137009767699,-0.009350726599681836,0.4,0.4,-0.4,0.4,-0.4,0.4,0.4,0.4,0.4,0.3999997,0.4,-0.4,0.4,0.39999935,-0.024386299023230085,-0.154762296225815
2023-09-07,0.959007290317006,-0.017021502099794028,0.4,0.4,-0.4,0.4,-0.4,0.4,0.4,0.4,0.4,0.3999997,0.4,-0.4,0.4,0.39999935,-0.040992709682993955,-0.16914951157543234
2023-09-08,0.966725290698465,0.008047905849503767,0.4,0.4,-0.4,0.4,-0.4,0.4,0.4,0.4,0.4,0.3999997,0.4,-0.4,0.4,0.39999932,-0.03327470930153498,-0.16246290506957722
2023-09-11,0.9716737188200043,0.0051187531444056855,0.4,0.4,-0.4,0.4,-0.4,0.4,0.4,0.4,0.4,0.3999997,0.4,-0.4,0.4,0.3999993,-0.028326281179995694,-0.15817575943134568
2023-09-12,0.9732509846923517,0.0016232464064818153,0.4,0.4,-0.4,0.4,-0.4,0.4,0.4,0.4,0.4,0.39999968,0.4,-0.4,0.4,0.39999923,-0.026749015307648283,-0.15680927125795333
2023-09-13,0.9615203622828187,-0.012053029068592402,0.4,0.4,-0.4,0.4,-0.4,0.4,0.4,0.4,0.4,0.3999996,0.4,-0.4,0.4,0.3999991,-0.038479637717181325,-0.16697227362184877
2023-09-14,0.983344745587589,0.02269778588251148,0.4,0.4,-0.4,0.4,-0.4,0.4,0.4,0.4,0.4,0.39999956,0.4,-0.4,0.4,0.399999,-0.016655254412411002,-0.14806438865432212
2023-09-15,0.9592868628412698,-0.02446535953364304,0.4,0.4,-0.4,0.4,-0.4,0.4,0.4,0.4,0.4,0.39999956,0.4,-0.4,0.4,0.399999,-0.04071313715873015,-0.16890729968540813
2023-09-18,0.9731257064383465,0.014426178584462157,0.4,0.4,-0.4,0.4,-0.4,0.4,0.4,0.4,0.4,0.39999962,0.4,-0.4,0.4,0.39999908,-0.026874293561653495,-0.1569178079704269
2023-09-19,0.9756391581135794,0.002582864329452539,0.4,0.4,-0.4,0.4,-0.4,0.4,0.4,0.4,0.4,0.3999996,0.4,-0.4,0.4,0.39999893,-0.024360841886420626,-0.1547402410498371
2023-09-20,0.9682877065455127,-0.007535010774148199,0.4,0.4,-0.4,0.4,-0.4,0.4,0.4,0.4,0.4,0.39999962,0.4,-0.4,0.4,0.3999988,-0.03171229345448734,-0.1611092824404805
2023-09-21,0.9488979617137124,-0.020024776417925993,0.4,0.4,-0.4,0.4,-0.4,0.4,0.4,0.4,0.4,0.39999962,0.4,-0.4,0.4,0.39999872,-0.051102038286287566,-0.1779078814986834
2023-09-22,0.9523588869219406,0.0036473101933718333,0.4,0.4,-0.4,0.4,-0.4,0.4,0.4,0.4,0.4,0.3999996,0.4,-0.4,0.4,0.39999846,-0.047641113078059405,-0.1749094565349829
2023-09-25,0.9416123977004388,-0.011284075120288728,0.4,0.4,-0.4,0.4,-0.4,0.4,0.4,0.4,0.4,0.3999996,0.4,-0.4,0.4,0.39999846,-0.05838760229956119,-0.18421984020848206
2023-09-26,0.9297917357760574,-0.01255363879367899,0.4,0.4,-0.4,0.4,-0.4,0.4,0.4,0.4,0.4,0.3999996,0.4,-0.4,0.4,0.3999984,-0.07020826422394255,-0.19446084966955454
2023-09-27,0.9155759918017609,-0.015289170066059232,0.4,0.4,-0.4,0.4,-0.4,0.4,0.4,0.4,0.4,0.3999996,0.4,-0.4,0.4,0.3999983,-0.08442400819823914,-0.2067768747338256
2023-09-28,0.9256410770900861,0.010993173017258995,0.4,0.4,-0.4,0.39999998,-0.4,0.4,0.4,0.4,0.4,0.39999956,0.4,-0.4,0.4,0.3999981,-0.07435892290991386,-0.19805683567648363
2023-09-29,0.9043510650248299,-0.02300028876439353,0.4,0.4,-0.4,0.39999998,-0.4,0.4,0.4,0.4,0.4,0.3999996,0.4,-0.4,0.4,0.399998,-0.09564893497517013,-0.21650176002855603
2023-10-02,0.8791710119671576,-0.02784322817929219,0.4,0.4,-0.4,0.39999998,-0.4,0.4,0.4,0.4,0.4,0.3999996,0.4,-0.4,0.4,0.39999786,-0.12082898803284237,-0.23831688030215475
2023-10-03,0.8564266266341783,-0.025870263035730034,0.4,0.4,-0.4,0.39999998,-0.4,0.4,0.4,0.4,0.4,0.3999996,0.4,-0.4,0.4,0.39999777,-0.14357337336582165,-0.2580218229586134
2023-10-04,0.8581575805955494,0.0020211351533683253,0.4,0.4,-0.4,0.39999998,-0.4,0.4,0.4,0.4,0.4,0.39999947,0.4,-0.4,0.4,0.39999756,-0.14184241940445064,-0.2565221847819629
2023-10-05,0.8552668620941359,-0.0033685171194400843,0.4,0.4,-0.4,0.39999995,-0.4,0.4,0.4,0.4,0.4,0.3999994,0.4,-0.4,0.4,0.39999735,-0.14473313790586406,-0.2590266025304488
2023-10-06,0.8695568933059246,0.016708271821498144,0.4,0.4,-0.4,0.39999995,-0.4,0.4,0.4,0.4,0.4,0.3999993,0.4,-0.4,0.4,0.399997,-0.13044310669407544,-0.24664621759302852
2023-10-09,0.9074263920018075,0.043550340394529874,0.4,0.4,-0.4,0.39999995,-0.39999998,0.4,0.4,0.4,0.4,0.39999926,0.4,-0.4,0.4,0.39999694,-0.09257360799819248,-0.21383740393169828
2023-10-10,0.914475869058876,0.007768648916544274,0.4,0.4,-0.4,0.39999995,-0.39999998,0.4,0.4,0.4,0.4,0.39999923,0.4,-0.4,0.4,0.399997,-0.08552413094112399,-0.20772998273152468
2023-10-11,0.9172486343763665,0.003032081448298918,0.4,0.4,-0.4,0.39999995,-0.39999998,0.4,0.4,0.4,0.4,0.3999991,0.4,-0.4,0.4,0.3999966,-0.0827513656236335,-0.20532775551012142
2023-10-12,0.8904985617640541,-0.02916338232599247,0.4,0.4,-0.4,0.39999995,-0.39999998,0.4,0.4,0.4,0.4,0.39999908,0.4,-0.4,0.4,0.3999967,-0.10950143823594594,-0.2285030860000343
2023-10-13,0.9203245484303636,0.0334935820752198,0.4,0.4,-0.4,0.39999995,-0.39999998,0.4,0.4,0.4,0.4,0.39999887,0.4,-0.4,0.4,0.39999646,-0.0796754515696364,-0.20266289079019767
2023-10-16,0.9241333855689243,0.00413858040085624,0.4,0.4,-0.4,0.39999995,-0.39999998,0.4,0.4,0.4,0.4,0.39999884,0.4,-0.4,0.4,0.39999637,-0.07586661443107567,-0.19936304705714664
2023-10-17,0.9272322900743575,0.003353308682301659,0.4,0.4,-0.4,0.39999995,-0.39999998,0.4,0.4,0.4,0.4,0.39999884,0.4,-0.4,0.4,0.39999637,-0.07276770992564252,-0.19667826421147178
2023-10-18,0.9227427004244759,-0.004841925478589082,0.4,0.4,-0.4,0.39999995,-0.39999998,0.4,0.4,0.4,0.4,0.3999987,0.4,-0.4,0.4,0.39999637,-0.07725729957552407,-0.20056788819149068
2023-10-19,0.9007834569979772,-0.023797796955095984,0.4,0.4,-0.4,0.39999995,-0.39999998,0.4,0.4,0.4,0.4,0.39999864,0.39999998,-0.4,0.4,0.3999964,-0.09921654300202276,-0.21959261126769322
2023-10-20,0.8919466758493088,-0.009810105947236858,0.4,0.4,-0.4,0.39999992,-0.39999995,0.4,0.4,0.4,0.4,0.3999984,0.39999998,-0.4,0.4,0.39999595,-0.10805332415069124,-0.22724849043316364
2023-10-23,0.8874943400788695,-0.004991706220777936,0.4,0.4,-0.4,0.39999992,-0.39999995,0.4,0.4,0.4,0.4,0.3999984,0.39999998,-0.4,0.4,0.39999577,-0.11250565992113049,-0.231105838950584
2023-10-24,0.88411847844598,-0.003803812013707608,0.4,0.4,-0.4,0.39999992,-0.39999995,0.4,0.4,0.4,0.4,0.39999852,0.39999998,-0.4,0.4,0.3999957,-0.11588152155401998,-0.23403056779765338
2023-10-25,0.9149777014621289,0.03490394530650498,0.4,0.4,-0.4,0.39999995,-0.39999995,0.4,0.4,0.4,0.4,0.3999986,0.39999998,-0.4,0.4,0.39999598,-0.08502229853787113,-0.20729521262960804
2023-10-26,0.8954067708516227,-0.02138951646497167,0.4,0.4,-0.4,0.39999995,-0.39999998,0.4,0.4,0.4,0.4,0.39999878,0.4,-0.4,0.4,0.399996,-0.10459322914837732,-0.22425078473092896
2023-10-27,0.8594209603552955,-0.04018934373491623,0.4,0.4,-0.4,0.39999995,-0.39999998,0.4,0.4,0.4,0.4,0.399999,0.4,-0.4,0.4,0.3999961,-0.14057903964470453,-0.25542763659546913
2023-10-30,0.8691889329380388,0.011365760242460388,0.4,0.4,-0.4,0.39999995,-0.39999998,0.4,0.4,0.4,0.4,0.3999991,0.4,-0.4,0.4,0.39999637,-0.13081106706196122,-0.2469650056298512
2023-10-31,0.8735250588998343,0.004988703603413969,0.4,0.4,-0.4,0.39999995,-0.39999998,0.4,0.4,0.4,0.4,0.39999914,0.4,-0.4,0.4,0.39999616,-0.12647494110016566,-0.24320833723994
2023-11-01,0.8927553421340304,0.02201457535564666,0.4,0.4,-0.4,0.39999995,-0.39999998,0.4,0.4,0.4,0.4,0.3999991,0.4,-0.4,0.4,0.3999958,-0.1072446578659696,-0.22654789015158355
2023-11-02,0.9374358675396676,0.05004789475561511,0.4,0.4,-0.4,0.39999995,-0.39999998,0.4,0.4,0.4,0.4,0.39999905,0.4,-0.4,0.4,0.3999956,-0.06256413246033243,-0.1878382403593815
2023-11-03,0.94787154485,0.011132150658712536,0.4,0.4,-0.4,0.39999995,-0.39999998,0.4,0.4,0.4,0.4,0.39999917,0.4,-0.4,0.4,0.39999577,-0.052128455149999975,-0.17879713329181707
2023-11-06,0.9399484197376662,-0.008358859547353159,0.4,0.4,-0.4,0.39999995,-0.39999998,0.4,0.4,0.4,0.4,0.39999914,0.4,-0.4,0.4,0.39999565,-0.060051580262333815,-0.18566145271451456
2023-11-07,0.9383774255229348,-0.001671362153223055,0.4,0.4,-0.4,0.39999995,-0.39999998,0.4,0.4,0.4,0.4,0.3999991,0.4,-0.4,0.4,0.3999953,-0.061622574477065206,-0.1870225073423582
2023-11-08,0.9394847627792059,0.0011800553020060445,0.4,0.4,-0.4,0.39999995,-0.39999998,0.4,0.4,0.4,0.4,0.39999917,0.4,-0.4,0.4,0.39999512,-0.060515237220794105,-0.18606314894173598
2023-11-09,0.9218185127494958,-0.018804190051416536,0.4,0.4,-0.4,0.39999995,-0.39999998,0.4,0.4,0.4,0.4,0.3999992,0.4,-0.4,0.4,0.3999951,-0.07818148725050422,-0.20136857217888707
2023-11-10,0.9426633986343851,0.022612787220681385,0.4,0.4,-0.4,0.39999995,-0.39999998,0.4,0.4,0.4,0.4,0.39999908,0.4,-0.4,0.4,0.3999948,-0.057336601365614914,-0.1833092896338193
2023-11-13,0.9494167392794876,0.007164106143174642,0.4,0.4,-0.4,0.39999992,-0.39999995,0.4,0.4,0.4,0.4,0.39999875,0.39999998,-0.4,0.4,0.39999387,-0.050583260720512446,-0.17745843069861128
2023-11-14,0.987400072820653,0.040007019014633105,0.4,0.4,-0.4,0.39999992,-0.39999995,0.4,0.4,0.4,0.4,0.39999884,0.4,-0.4,0.4,0.39999425,-0.012599927179346992,-0.14455099449524442
2023-11-15,0.9848278726761168,-0.0026050232477584645,0.4,0.4,-0.4,0.39999992,-0.39999995,0.4,0.4,0.4,0.4,0.39999875,0.39999998,-0.4,0.4,0.39999387,-0.015172127323883178,-0.14677945904185616
2023-11-16,0.9920853939602764,0.007369329692546556,0.4,0.4,-0.4,0.39999992,-0.39999995,0.4,0.4,0.4,0.4,0.39999864,0.39999998,-0.4,0.4,0.39999405,-0.007914606039723604,-0.14049179557508268
2023-11-17,0.9975365488701674,0.005494642843324904,0.4,0.4,-0.4,0.3999999,-0.39999995,0.4,0.4,0.4,0.4,0.39999852,0.39999998,-0.4,0.4,0.3999941,-0.0024634511298325945,-0.13576910497086025
2023-11-20,1.0139173645585113,0.01642126868122995,0.4,0.4,-0.4,0.3999999,-0.39999995,0.4,0.4,0.4,0.4,0.39999855,0.39999998,-0.4,0.4,0.3999942,0.013917364558511336,-0.12157733724096688
2023-11-21,1.0175454621528923,0.003578297128741692,0.4,0.4,-0.4,0.39999992,-0.39999995,0.4,0.4,0.4,0.4,0.39999852,0.39999998,-0.4,0.4,0.39999422,0.01754546215289232,-0.11843407994899467
2023-11-22,1.0233128283145458,0.005667919887776929,0.4,0.4,-0.4,0.39999992,-0.39999995,0.4,0.4,0.4,0.4,0.3999985,0.39999998,-0.4,0.4,0.3999947,0.02331282831454584,-0.11343743493835123
2023-11-24,1.0244786200942688,0.0011392330355548541,0.4,0.4,-0.4,0.39999992,-0.39999995,0.4,0.4,0.4,0.4,0.39999834,0.39999998,-0.4,0.4,0.3999947,0.02447862009426882,-0.11242743357614676
2023-11-27,1.0238214323770276,-0.0006414850484441903,0.4,0.4,-0.4,0.3999999,-0.39999995,0.4,0.4,0.4,0.4,0.3999982,0.39999998,-0.4,0.4,0.39999434,0.023821432377027607,-0.11299679810691692
2023-11-28,1.0418141573179376,0.017574085062016964,0.4,0.4,-0.4,0.39999992,-0.39999995,0.4,0.4,0.4,0.4,0.3999981,0.39999995,-0.4,0.4,0.3999947,0.041814157317937584,-0.09740852838656643
2023-11-29,1.039644121817259,-0.002082939155161001,0.4,0.4,-0.4,0.39999992,-0.39999998,0.4,0.4,0.4,0.4,0.399998,0.39999995,-0.4,0.4,0.3999949,0.03964412181725896,-0.09928857150390447
2023-11-30,1.0528549038274977,0.01270702323324513,0.4,0.4,-0.4,0.39999992,-0.39999998,0.4,0.4,0.4,0.4,0.39999798,0.39999995,-0.4,0.4,0.39999518,0.05285490382749769,-0.08784321045555508
2023-12-01,1.0764435867007596,0.022404495422406967,0.4,0.4,-0.4,0.39999995,-0.39999998,0.4,0.4,0.4,0.4,0.3999984,0.39999998,-0.4,0.4,0.39999598,0.07644358670075957,-0.06740679783968916
2023-12-04,1.063932295562414,-0.011622802432863177,0.4,0.4,-0.4,0.39999995,-0.39999998,0.4,0.4,0.4,0.4,0.3999986,0.39999998,-0.4,0.4,0.39999592,0.06393229556241398,-0.07824614437862971
2023-12-05,1.057092442404691,-0.006428842498955478,0.4,0.4,-0.4,0.39999995,-0.4,0.4,0.4,0.4,0.4,0.39999875,0.4,-0.4,0.4,0.39999637,0.057092442404691024,-0.08417195473922448
2023-12-06,1.0602438527194469,0.0029812059838276728,0.4,0.4,-0.4,0.39999995,-0.4,0.4,0.4,0.4,0.4,0.39999878,0.4,-0.4,0.4,0.39999655,0.06024385271944688,-0.08144168269053588
2023-12-07,1.0466593362202614,-0.012812634059930827,0.4,0.4,-0.4,0.39999995,-0.4,0.4,0.4,0.4,0.4,0.39999864,0.4,-0.4,0.4,0.3999964,0.046659336220261416,-0.09321083427292787
2023-12-08,1.0573966188139376,0.010258622096136039,0.4,0.4,-0.4,0.39999995,-0.4,0.4,0.4,0.4,0.4,0.39999866,0.4,-0.4,0.4,0.39999625,0.05739661881393765,-0.08390842690086336
2023-12-11,1.0511860979337517,-0.005873407167834688,0.4,0.4,-0.4,0.39999995,-0.4,0.4,0.4,0.4,0.4,0.39999884,0.4,-0.4,0.4,0.3999964,0.05118609793375173,-0.08928900571269678
2023-12-12,1.069219156539348,0.017154962989943234,0.4,0.4,-0.4,0.39999995,-0.4,0.4,0.4,0.4,0.4,0.39999905,0.4,-0.4,0.4,0.3999967,0.06921915653934807,-0.0736657923111637
2023-12-13,1.1285831357555691,0.05552087133227146,0.4,0.4,-0.4,0.39999995,-0.4,0.4,0.4,0.4,0.4,0.39999923,0.4,-0.4,0.4,0.3999971,0.12858313575556912,-0.022234909955390108
2023-12-14,1.1526240101604857,0.021301819638498865,0.4,0.4,-0.4,0.39999998,-0.4,0.4,0.4,0.4,0.4,0.39999932,0.4,-0.4,0.4,0.39999744,0.15262401016048566,-0.001406734358439294
2023-12-15,1.1326234140382063,-0.01735222930111835,0.4,0.4,-0.4,0.39999998,-0.4,0.4,0.4,0.4,0.4,0.39999947,0.4,-0.4,0.4,0.39999774,0.13262341403820632,-0.018734553682404263
2023-12-18,1.1303120592461042,-0.002040708997760543,0.4,0.4,-0.4,0.39999998,-0.4,0.4,0.4,0.4,0.4,0.3999995,0.4,-0.4,0.4,0.3999979,0.13031205924610423,-0.020737030907896147
2023-12-19,1.1588417753596212,0.02524056598365032,0.4,0.4,-0.4,0.4,-0.4,0.4,0.4,0.4,0.4,0.39999953,0.4,-0.4,0.4,0.39999828,0.15884177535962118,0.0
2023-12-20,1.1230807295508136,-0.03085929983643354,0.4,0.4,-0.4,0.4,-0.4,0.4,0.4,0.4,0.4,0.39999953,0.4,-0.4,0.4,0.39999828,0.12308072955081362,-0.03085929983643359
2023-12-21,1.1348878900320118,0.01051318945337143,0.4,0.4,-0.4,0.39999998,-0.4,0.4,0.4,0.4,0.4,0.39999944,0.4,-0.4,0.4,0.39999822,0.13488789003201185,-0.020670540048641044
2023-12-22,1.1382350347084067,0.002949317466327317,0.4,0.4,-0.4,0.39999998,-0.4,0.4,0.4,0.4,0.4,0.3999994,0.4,-0.4,0.4,0.39999816,0.1382350347084067,-0.01778218656711753
2023-12-26,1.15320814052731,0.013154669608934633,0.4,0.4,-0.4,0.39999998,-0.4,0.4,0.4,0.4,0.4,0.39999935,0.4,-0.4,0.4,0.3999983,0.15320814052731002,-0.004861435747397774
2023-12-27,1.1781420713624502,0.021621362145205714,0.4,0.4,-0.4,0.4,-0.4,0.4,0.4,0.4,0.4,0.3999994,0.4,-0.4,0.4,0.3999985,0.1781420713624502,0.0
2023-12-28,1.169729553652166,-0.00714049511919701,0.4,0.4,-0.4,0.4,-0.4,0.4,0.4,0.4,0.4,0.39999938,0.4,-0.4,0.4,0.3999985,0.1697295536521659,-0.007140495119197055
2023-12-29,1.161778921775656,-0.0067969829878079535,0.4,0.4,-0.4,0.4,-0.4,0.4,0.4,0.4,0.4,0.39999944,0.4,-0.4,0.4,0.3999987,0.161778921775656,-0.013888944283155253
2024-01-02,1.1638578352018867,0.001789422571941035,0.4,0.4,-0.4,0.4,-0.4,0.4,0.4,0.4,0.4,0.3999995,0.4,-0.4,0.4,0.39999887,0.16385783520188668,-0.012124374901614927
2024-01-03,1.1580521382743993,-0.004988321384183703,0.4,0.4,-0.4,0.4,-0.4,0.4,0.4,0.4,0.4,0.3999996,0.4,-0.4,0.4,0.3999991,0.15805213827439935,-0.017052216007207053
2024-01-04,1.1618674752893,0.003294615923412403,0.4,0.4,-0.4,0.4,-0.4,0.4,0.4,0.4,0.4,0.3999996,0.4,-0.4,0.4,0.39999923,0.1618674752892999,-0.013813780586181516
2024-01-05,1.1625606163339903,0.0005965749618026539,0.4,0.4,-0.4,0.4,-0.4,0.4,0.4,0.4,0.4,0.39999962,0.4,-0.4,0.4,0.3999993,0.16256061633399033,-0.013225446580004444
2024-01-08,1.1712142647807544,0.007443610531081335,0.4,0.4,-0.4,0.4,-0.4,0.4,0.4,0.4,0.4,0.3999997,0.4,-0.4,0.4,0.39999935,0.1712142647807544,-0.005880281122364294
2024-01-09,1.1419829825980536,-0.024958099522611854,0.4,0.4,-0.4,0.4,-0.4,0.4,0.4,0.4,0.4,0.3999997,0.4,-0.4,0.4,0.39999935,0.14198298259805364,-0.03069162000350327
2024-01-10,1.1503053578102747,0.007287652564915925,0.4,0.4,-0.4,0.4,-0.4,0.4,0.4,0.4,0.4,0.39999974,0.4,-0.4,0.4,0.3999994,0.15030535781027465,-0.023627637301827327
2024-01-11,1.1490305476464655,-0.0011082363088665836,0.4,0.4,-0.4,0.4,-0.4,0.4,0.4,0.4,0.4,0.3999998,0.4,-0.4,0.4,0.39999953,0.1490305476464655,-0.024709688605143325
2024-01-12,1.1681425961021834,0.016633194387098538,0.4,0.4,-0.4,0.4,-0.4,0.4,0.4,0.4,0.4,0.39999983,0.4,-0.4,0.4,0.39999953,0.1681425961021834,-0.00848749527185885
2024-01-16,1.1219575113987772,-0.03953719764822805,0.4,0.4,-0.4,0.4,-0.4,0.4,0.4,0.4,0.4,0.39999983,0.4,-0.4,0.4,0.3999996,0.1219575113987772,-0.04768912114198498
2024-01-17,1.1143441618569727,-0.006785773493608205,0.4,0.4,-0.4,0.4,-0.4,0.4,0.4,0.4,0.4,0.39999986,0.4,-0.4,0.4,0.39999962,0.11434416185697271,-0.054151287061414456
2024-01-18,1.1251103892958139,0.009661492209821487,0.4,0.4,-0.4,0.4,-0.4,0.4,0.4,0.4,0.4,0.3999999,0.4,-0.4,0.4,0.39999968,0.12511038929581386,-0.045012977089688676
2024-01-19,1.1376145435071519,0.011113713223432242,0.4,0.4,-0.4,0.4,-0.4,0.4,0.4,0.4,0.4,0.39999992,0.4,-0.4,0.4,0.3999997,0.13761454350715185,-0.034399525184964065
2024-01-22,1.1459835225809853,0.007356603448504417,0.4,0.4,-0.4,0.4,-0.4,0.4,0.4,0.4,0.4,0.39999995,0.4,-0.4,0.4,0.39999977,0.14598352258098535,-0.02729598540206227
2024-01-23,1.1518077675116107,0.005082311233854497,0.4,0.4,-0.4,0.4,-0.4,0.4,0.4,0.4,0.4,0.39999995,0.4,-0.4,0.4,0.39999977,0.15180776751161074,-0.02235240086145589
2024-01-24,1.141605542106238,-0.008857576492485086,0.4,0.4,-0.4,0.4,-0.4,0.4,0.4,0.4,0.4,0.39999995,0.4,-0.4,0.4,0.39999974,0.1416055421062381,-0.031011989253519993
2024-01-25,1.1577264029254521,0.014121218078068765,0.4,0.4,-0.4,0.4,-0.4,0.4,0.4,0.4,0.4,0.39999995,0.4,-0.4,0.4,0.39999977,0.15772640292545215,-0.01732869823873496
2024-01-26,1.1616276065235016,0.0033697111754482645,0.4,0.4,-0.4,0.4,-0.4,0.4,0.4,0.4,0.4,0.39999995,0.4,-0.4,0.4,0.3999998,0.1616276065235016,-0.01401737977139769
2024-01-29,1.1808480771703347,0.0165461551868209,0.4,0.4,-0.4,0.4,-0.4,0.4,0.4,0.4,0.4,0.39999995,0.4,-0.4,0.4,0.3999998,0.1808480771703347,0.0
2024-01-30,1.2062155980399747,0.021482459395139264,0.4,0.4,-0.4,0.4,-0.4,0.4,0.4,0.4,0.4,0.39999995,0.4,-0.4,0.4,0.3999998,0.2062155980399747,0.0
2024-01-31,1.2093431677536732,0.0025928778559825005,0.4,0.4,-0.4,0.4,-0.4,0.4,0.4,0.4,0.4,0.39999995,0.4,-0.4,0.4,0.3999998,0.20934316775367323,0.0
2024-02-01,1.2470777608379522,0.03120255200545774,0.4,0.4,-0.4,0.4,-0.4,0.4,0.4,0.4,0.4,0.39999995,0.4,-0.4,0.4,0.3999998,0.2470777608379522,0.0
2024-02-02,1.2915896093736985,0.03569292143084746,0.4,0.4,-0.4,0.4,-0.4,0.4,0.4,0.4,0.4,0.39999998,0.4,-0.4,0.4,0.3999998,0.2915896093736985,0.0
2024-02-05,1.2459876923582447,-0.035306816255332496,0.4,0.4,-0.4,0.4,-0.4,0.4,0.4,0.4,0.4,0.39999995,0.4,-0.4,0.4,0.3999998,0.2459876923582447,-0.035306816255332454
2024-02-06,1.2699720852637044,0.01924930162035965,0.4,0.4,-0.4,0.4,-0.4,0.4,0.4,0.4,0.4,0.39999995,0.4,-0.4,0.4,0.3999998,0.2699720852637044,-0.01673714619032633
2024-02-07,1.2879907784084812,0.01418825921755218,0.4,0.4,-0.4,0.4,-0.4,0.4,0.4,0.4,0.4,0.39999995,0.4,-0.4,0.4,0.39999977,0.2879907784084812,-0.002786357941484519
2024-02-08,1.2821852393039594,-0.0045074384086005725,0.4,0.4,-0.4,0.4,-0.4,0.4,0.4,0.4,0.4,0.39999995,0.4,-0.4,0.4,0.39999974,0.28218523930395945,-0.007281237013279545
2024-02-09,1.246745693283427,-0.027639957889213362,0.4,0.4,-0.4,0.4,-0.4,0.4,0.4,0.4,0.4,0.39999995,0.4,-0.4,0.4,0.39999974,0.2467456932834271,-0.03471994181806444
2024-02-12,1.2627423808330303,0.01283075420735913,0.4,0.4,-0.4,0.4,-0.4,0.4,0.4,0.4,0.4,0.39999995,0.4,-0.4,0.4,0.39999977,0.26274238083303025,-0.022334670650266748
2024-02-13,1.215053255819805,-0.03776631380801898,0.4,0.4,-0.4,0.4,-0.4,0.4,0.4,0.4,0.4,0.39999995,0.4,-0.4,0.4,0.3999997,0.21505325581980506,-0.05925748627770897
2024-02-14,1.233031434002674,0.014796205924932027,0.4,0.4,-0.4,0.4,-0.4,0.4,0.4,0.4,0.4,0.39999995,0.4,-0.4,0.4,0.3999997,0.233031434002674,-0.04533806632233576
2024-02-15,1.2944882258233577,0.049842031700020994,0.4,0.4,-0.4,0.4,-0.4,0.4,0.4,0.4,0.4,0.39999995,0.4,-0.4,0.4,0.3999997,0.29448822582335765,0.0
2024-02-16,1.2842908754711317,-0.007877514950543452,0.4,0.4,-0.4,0.4,-0.4,0.4,0.4,0.4,0.4,0.39999995,0.4,-0.4,0.4,0.39999965,0.28429087547113174,-0.007877514950543407
2024-02-20,1.2880209016996564,0.0029043469044007786,0.4,0.4,-0.4,0.4,-0.4,0.4,0.4,0.4,0.4,0.39999995,0.4,-0.4,0.4,0.39999962,0.28802090169965644,-0.004996047082303648
2024-02-21,1.2887717920212176,0.0005829799194798646,0.4,0.4,-0.4,0.4,-0.4,0.4,0.4,0.4,0.4,0.39999995,0.4,-0.4,0.4,0.3999996,0.2887717920212176,-0.004415979757949603
2024-02-22,1.3142533056688663,0.01977193619956985,0.4,0.4,-0.4,0.4,-0.4,0.4,0.4,0.4,0.4,0.39999995,0.4,-0.4,0.4,0.3999996,0.31425330566886633,0.0
2024-02-23,1.3211040484448535,0.005212650214716952,0.4,0.4,-0.4,0.4,-0.4,0.4,0.4,0.4,0.4,0.39999995,0.4,-0.4,0.4,0.39999962,0.3211040484448535,0.0
2024-02-26,1.3233442612631618,0.0016957126283470014,0.4,0.4,-0.4,0.4,-0.4,0.4,0.4,0.4,0.4,0.39999995,0.4,-0.4,0.4,0.3999996,0.32334426126316185,0.0
2024-02-27,1.3254335342806207,0.001578782693676839,0.4,0.4,-0.4,0.4,-0.4,0.4,0.4,0.4,0.4,0.39999995,0.4,-0.4,0.4,0.3999996,0.3254335342806207,0.0
2024-02-28,1.3356628339187055,0.0077177009435156485,0.4,0.4,-0.4,0.4,-0.4,0.4,0.4,0.4,0.4,0.39999995,0.4,-0.4,0.4,0.39999956,0.33566283391870555,0.0
2024-02-29,1.3294463355250807,-0.00465424225018396,0.4,0.4,-0.4,0.4,-0.4,0.4,0.4,0.4,0.4,0.39999992,0.4,-0.4,0.4,0.39999947,0.32944633552508074,-0.00465424225018391
2024-03-01,1.3648828067071788,0.026655059504979484,0.4,0.4,-0.4,0.4,-0.4,0.4,0.4,0.4,0.4,0.39999992,0.4,-0.4,0.4,0.39999947,0.36488280670717876,0.0
2024-03-04,1.3626981721691533,-0.0016006022841593692,0.4,0.4,-0.4,0.4,-0.4,0.4,0.4,0.4,0.4,0.39999992,0.4,-0.4,0.4,0.39999947,0.36269817216915334,-0.0016006022841594128
2024-03-05,1.3591516191067203,-0.0026025961837078393,0.4,0.4,-0.4,0.4,-0.4,0.4,0.4,0.4,0.4,0.3999999,0.4,-0.4,0.4,0.3999994,0.35915161910672033,-0.00419903274647081
2024-03-06,1.388565503176065,0.021641356016392388,0.4,0.4,-0.4,0.4,-0.4,0.4,0.4,0.4,0.4,0.3999999,0.4,-0.4,0.4,0.39999938,0.3885655031760651,0.0
2024-03-07,1.402972663074656,0.010375570951199231,0.4,0.4,-0.4,0.4,-0.4,0.4,0.4,0.4,0.4,0.3999999,0.4,-0.4,0.4,0.39999935,0.40297266307465596,0.0
2024-03-08,1.4049505301053036,0.001409768759366381,0.4,0.4,-0.4,0.4,-0.4,0.4,0.4,0.4,0.4,0.39999986,0.4,-0.4,0.4,0.3999993,0.4049505301053036,0.0
2024-03-11,1.396594325754837,-0.0059476858233864505,0.4,0.4,-0.4,0.4,-0.4,0.4,0.4,0.4,0.4,0.39999983,0.4,-0.4,0.4,0.39999923,0.396594325754837,-0.00594768582338644
2024-03-12,1.4064467762192283,0.007054625872882747,0.4,0.4,-0.4,0.4,-0.4,0.4,0.4,0.4,0.4,0.39999983,0.4,-0.4,0.4,0.3999992,0.4064467762192283,0.0
2024-03-13,1.4034007756762996,-0.002165741778808683,0.4,0.4,-0.4,0.4,-0.4,0.4,0.4,0.4,0.4,0.3999998,0.4,-0.4,0.4,0.3999992,0.4034007756762996,-0.0021657417788086305
2024-03-14,1.3779205003237995,-0.01815609325156675,0.4,0.4,-0.4,0.4,-0.4,0.4,0.4,0.4,0.4,0.39999977,0.4,-0.4,0.4,0.3999991,0.37792050032379954,-0.02028251362068057
2024-03-15,1.3786042723452154,0.0004962347401429312,0.4,0.4,-0.4,0.4,-0.4,0.4,0.4,0.4,0.4,0.39999977,0.4,-0.4,0.4,0.39999905,0.37860427234521543,-0.019796343768413573
2024-03-18,1.3801731538627566,0.001138021656404975,0.4,0.4,-0.4,0.4,-0.4,0.4,0.4,0.4,0.4,0.39999977,0.4,-0.4,0.4,0.3999991,0.38017315386275663,-0.018680850779934748
2024-03-19,1.4073926253411109,0.019721780127496258,0.4,0.4,-0.4,0.4,-0.4,0.4,0.4,0.4,0.4,0.39999977,0.4,-0.4,0.4,0.39999917,0.40739262534111087,0.0
2024-03-20,1.4305041361706283,0.016421509117909405,0.4,0.4,-0.4,0.4,-0.4,0.4,0.4,0.4,0.4,0.39999974,0.4,-0.4,0.4,0.39999917,0.4305041361706283,0.0
2024-03-21,1.4312965596095424,0.000553946974970243,0.4,0.4,-0.4,0.4,-0.4,0.4,0.4,0.4,0.4,0.3999997,0.4,-0.4,0.4,0.3999991,0.4312965596095424,0.0
2024-03-22,1.4109959510405234,-0.014183369919198996,0.4,0.4,-0.4,0.4,-0.4,0.4,0.4,0.4,0.4,0.3999997,0.4,-0.4,0.4,0.39999914,0.41099595104052344,-0.014183369919198958
2024-03-25,1.3921241852878146,-0.013374783775100263,0.4,0.4,-0.4,0.4,-0.4,0.4,0.4,0.4,0.4,0.3999997,0.4,-0.4,0.4,0.39999917,0.39212418528781456,-0.027368454188427618
2024-03-26,1.386170376606156,-0.004276779862442903,0.4,0.4,-0.4,0.4,-0.4,0.4,0.4,0.4,0.4,0.3999997,0.4,-0.4,0.4,0.39999914,0.38617037660615594,-0.03152818519713124
2024-03-27,1.4279363462057304,0.030130473356264176,0.4,0.4,-0.4,0.4,-0.4,0.4,0.4,0.4,0.4,0.3999997,0.4,-0.4,0.4,0.3999991,0.4279363462057304,-0.0023476709849205887
2024-03-28,1.4268403709372426,-0.0007675238965658693,0.4,0.4,-0.4,0.4,-0.4,0.4,0.4,0.4,0.4,0.3999997,0.4,-0.4,0.4,0.39999914,0.4268403709372426,-0.0031133929879042306
2024-04-01,1.3950515285402947,-0.022279186266692785,0.4,0.4,-0.4,0.4,-0.4,0.4,0.4,0.4,0.4,0.39999974,0.4,-0.4,0.4,0.3999991,0.3950515285402947,-0.025323215392298117
2024-04-02,1.3979714188558954,0.0020930340248119794,0.4,0.4,-0.4,0.4,-0.4,0.4,0.4,0.4,0.4,0.39999974,0.4,-0.4,0.4,0.39999917,0.3979714188558954,-0.023283183718919933
2024-04-03,1.4042864518895486,0.004517283363934199,0.4,0.4,-0.4,0.4,-0.4,0.4,0.4,0.4,0.4,0.39999977,0.4,-0.4,0.4,0.39999923,0.4042864518895486,-0.01887107709345864
2024-04-04,1.4130356717663306,0.0062303669347585355,0.4,0.4,-0.4,0.4,-0.4,0.4,0.4,0.4,0.4,0.3999998,0.4,-0.4,0.4,0.39999926,0.4130356717663306,-0.012758283893446479
2024-04-05,1.436581151199124,0.016663046732118936,0.4,0.4,-0.4,0.4,-0.4,0.4,0.4,0.4,0.4,0.39999983,0.4,-0.4,0.4,0.39999926,0.436581151199124,0.0
2024-04-08,1.4135836076967327,-0.01600852376713635,0.4,0.4,-0.4,0.4,-0.4,0.4,0.4,0.4,0.4,0.3999998,0.4,-0.4,0.4,0.39999926,0.41358360769673275,-0.01600852376713633
2024-04-09,1.4193030147096801,0.004046033769637747,0.4,0.4,-0.4,0.4,-0.4,0.4,0.4,0.4,0.4,0.39999983,0.4,-0.4,0.4,0.39999935,0.4193030147096801,-0.01202726102526244
2024-04-10,1.374274427612531,-0.0317258447494807,0.4,0.4,-0.4,0.4,-0.4,0.4,0.4,0.4,0.4,0.39999983,0.4,-0.4,0.4,0.39999938,0.37427442761253094,-0.043371530758694155
2024-04-11,1.3805600271181473,0.004573758617146151,0.4,0.4,-0.4,0.4,-0.4,0.4,0.4,0.4,0.4,0.39999986,0.4,-0.4,0.4,0.39999938,0.3805600271181473,-0.038996143054094434
2024-04-12,1.34786012797764,-0.023685966925151902,0.4,0.4,-0.4,0.4,-0.4,0.4,0.4,0.4,0.4,0.39999986,0.4,-0.4,0.4,0.3999994,0.3478601279776401,-0.06175844862465852
2024-04-15,1.321231763078985,-0.019756029832716404,0.4,0.4,-0.4,0.4,-0.4,0.4,0.4,0.4,0.4,0.39999986,0.4,-0.4,0.4,0.39999944,0.32123176307898493,-0.08029437670392386
2024-04-16,1.3005100387862691,-0.015683640729637127,0.4,0.4,-0.4,0.4,-0.4,0.4,0.4,0.4,0.4,0.3999999,0.4,-0.4,0.4,0.3999994,0.30051003878626914,-0.09471870927672647
2024-04-17,1.2988170063969218,-0.0013018218536224868,0.4,0.4,-0.4,0.4,-0.4,0.4,0.4,0.4,0.4,0.3999999,0.4,-0.4,0.4,0.39999935,0.29881700639692177,-0.09589722424466558
2024-04-18,1.3035705606673216,0.003659910708735392,0.4,0.4,-0.4,0.4,-0.4,0.4,0.4,0.4,0.4,0.3999999,0.4,-0.4,0.4,0.39999935,0.3035705606673216,-0.09258828881388119
2024-04-19,1.3195712048993604,0.012274474980355388,0.4,0.4,-0.4,0.4,-0.4,0.4,0.4,0.4,0.4,0.39999986,0.4,-0.4,0.4,0.39999923,0.3195712048993604,-0.08145028646804574
2024-04-22,1.3135048351134695,-0.004597228071791415,0.4,0.4,-0.4,0.4,-0.4,0.4,0.4,0.4,0.4,0.39999986,0.4,-0.4,0.4,0.39999923,0.3135048351134695,-0.08567306899643078
2024-04-23,1.3407033574391374,0.020706830761927364,0.4,0.4,-0.4,0.4,-0.4,0.4,0.4,0.4,0.4,0.3999999,0.4,-0.4,0.4,0.39999935,0.3407033574391374,-0.06674025597506746
2024-04-24,1.346278106041828,0.0041580776028926625,0.4,0.4,-0.4,0.4,-0.4,0.4,0.4,0.4,0.4,0.3999999,0.4,-0.4,0.4,0.39999935,0.34627810604182807,-0.06285968953575603
2024-04-25,1.2899657866564243,-0.041828147641030045,0.4,0.4,-0.4,0.4,-0.4,0.4,0.4,0.4,0.4,0.3999999,0.4,-0.4,0.4,0.39999935,0.28996578665642425,-0.10205853280221511
2024-04-26,1.2275148788881813,-0.048412840413477154,0.4,0.4,-0.4,0.4,-0.4,0.4,0.4,0.4,0.4,0.39999992,0.4,-0.4,0.4,0.39999935,0.22751487888818134,-0.14553042975430494
2024-04-29,1.245917417992567,0.014991703498578923,0.4,0.4,-0.4,0.4,-0.4,0.4,0.4,0.4,0.4,0.39999992,0.4,-0.4,0.4,0.39999935,0.24591741799256694,-0.13272047530862335
2024-04-30,1.209107414056234,-0.029544497415921578,0.4,0.4,-0.4,0.4,-0.4,0.4,0.4,0.4,0.4,0.3999999,0.4,-0.4,0.4,0.39999935,0.2091074140562339,-0.1583438129847494
2024-05-01,1.2121475316624182,0.0025143486598808718,0.4,0.4,-0.4,0.4,-0.4,0.4,0.4,0.4,0.4,0.39999986,0.4,-0.4,0.4,0.39999926,0.21214753166241818,-0.1562275958788472
2024-05-02,1.2135175458456882,0.001130237159655767,0.4,0.4,-0.4,0.4,-0.4,0.4,0.4,0.4,0.4,0.39999986,0.4,-0.4,0.4,0.39999923,0.21351754584568816,-0.15527393295341732
2024-05-03,1.262211020434642,0.040125892497928195,0.4,0.4,-0.4,0.4,-0.4,0.4,0.4,0.4,0.4,0.39999986,0.4,-0.4,0.4,0.39999923,0.26221102043464195,-0.12137854559690842
2024-05-06,1.291825871924033,0.023462678593309416,0.4,0.4,-0.4,0.4,-0.4,0.4,0.4,0.4,0.4,0.39999983,0.4,-0.4,0.4,0.39999923,0.291825871924033,-0.10076373280706266
2024-05-07,1.2968286948416927,0.0038726758972620345,0.4,0.4,-0.4,0.4,-0.4,0.4,0.4,0.4,0.4,0.39999983,0.4,-0.4,0.4,0.39999917,0.2968286948416927,-0.09728128218916067
2024-05-08,1.3026695935038883,0.004503986290115725,0.4,0.4,-0.4,0.4,-0.4,0.4,0.4,0.4,0.4,0.3999998,0.4,-0.4,0.4,0.39999917,0.30266959350388833,-0.09321544946030984
2024-05-09,1.3420777466589797,0.030251840798012575,0.4,0.4,-0.4,0.4,-0.4,0.4,0.4,0.4,0.4,0.39999977,0.4,-0.4,0.4,0.3999991,0.3420777466589797,-0.06578354759928574
2024-05-10,1.3544401956974519,0.00921142539562081,0.4,0.4,-0.4,0.4,-0.4,0.4,0.4,0.4,0.4,0.39999974,0.4,-0.4,0.4,0.399999,0.3544401956974519,-0.05717808244463496
2024-05-13,1.3418073710570098,-0.00932697115795289,0.4,0.4,-0.4,0.4,-0.4,0.4,0.4,0.4,0.4,0.3999997,0.4,-0.4,0.4,0.39999902,0.34180737105700976,-0.06597175527675964
2024-05-14,1.3593257151442142,0.01305578167558008,0.4,0.4,-0.4,0.4,-0.4,0.4,0.4,0.4,0.4,0.39999968,0.4,-0.4,0.4,0.399999,0.3593257151442142,-0.053777286434827695
2024-05-15,1.4090258274404357,0.036562327735371936,0.4,0.4,-0.4,0.4,-0.4,0.4,0.4,0.4,0.4,0.39999968,0.4,-0.4,0.4,0.3999989,0.4090258274404357,-0.019181181470804963
2024-05-16,1.4017871623016231,-0.005137354474163192,0.4,0.4,-0.4,0.4,-0.4,0.4,0.4,0.4,0.4,0.39999968,0.4,-0.4,0.4,0.399999,0.40178716230162315,-0.024219995416519334
2024-05-17,1.4073631349345288,0.003977759807523462,0.4,0.4,-0.4,0.4,-0.4,0.4,0.4,0.4,0.4,0.39999968,0.4,-0.4,0.4,0.39999896,0.4073631349345288,-0.02033857693330218
2024-05-20,1.3924981841459652,-0.010562270972981791,0.4,0.4,-0.4,0.4,-0.4,0.4,0.4,0.4,0.4,0.39999965,0.4,-0.4,0.4,0.39999887,0.39249818414596516,-0.03068602634550961
2024-05-21,1.4030899839543602,0.007606329350361873,0.4,0.4,-0.4,0.4,-0.4,0.4,0.4,0.4,0.4,0.39999965,0.4,-0.4,0.4,0.39999884,0.40308998395436024,-0.023313105017985548
2024-05-22,1.3809125249694891,-0.015806155869182326,0.4,0.4,-0.4,0.4,-0.4,0.4,0.4,0.4,0.4,0.3999996,0.4,-0.4,0.4,0.39999875,0.38091252496948913,-0.038750770315458954
2024-05-23,1.336645604659236,-0.03205628127040927,0.4,0.4,-0.4,0.4,-0.4,0.4,0.4,0.4,0.4,0.3999996,0.4,-0.4,0.4,0.3999987,0.3366456046592361,-0.06956484599319086
2024-05-24,1.3654940494311603,0.021582717716173372,0.4,0.4,-0.4,0.4,-0.4,0.4,0.4,0.4,0.4,0.39999962,0.4,-0.4,0.4,0.39999864,0.36549404943116026,-0.0494835267110576
2024-05-28,1.341186927663922,-0.01780097231281552,0.4,0.4,-0.4,0.4,-0.4,0.4,0.4,0.4,0.4,0.3999996,0.4,-0.4,0.4,0.39999852,0.3411869276639219,-0.06640364413494908
2024-05-29,1.300578538428012,-0.030277948881176187,0.4,0.4,-0.4,0.4,-0.4,0.4,0.4,0.4,0.4,0.39999962,0.4,-0.4,0.4,0.39999852,0.30057853842801197,-0.09467102687348343
2024-05-30,1.319447222797402,0.01450791614030189,0.4,0.4,-0.4,0.4,-0.4,0.4,0.4,0.4,0.4,0.3999996,0.4,-0.4,0.4,0.39999852,0.3194472227974019,-0.08153659005197834
2024-05-31,1.3726730748054292,0.040339508157955395,0.4,0.4,-0.4,0.4,-0.4,0.4,0.4,0.4,0.4,0.3999996,0.4,-0.4,0.4,0.3999984,0.3726730748054292,-0.044486227833596646
2024-06-03,1.3821245874471781,0.00688547973674547,0.4,0.4,-0.4,0.4,-0.4,0.4,0.4,0.4,0.4,0.3999996,0.4,-0.4,0.4,0.3999984,0.38212458744717814,-0.03790705711716361
2024-06-04,1.3823025645713578,0.0001287706808750233,0.4,0.4,-0.4,0.4,-0.4,0.4,0.4,0.4,0.4,0.39999965,0.4,-0.4,0.4,0.39999858,0.3823025645713578,-0.03778316775384355
2024-06-05,1.416451533174109,0.02470440949615149,0.4,0.4,-0.4,0.4,-0.4,0.4,0.4,0.4,0.4,0.39999968,0.4,-0.4,0.4,0.39999864,0.416451533174109,-0.014012169105944817
2024-06-06,1.407427739958193,-0.006370703836011127,0.4,0.4,-0.4,0.4,-0.4,0.4,0.4,0.4,0.4,0.39999968,0.4,-0.4,0.4,0.39999852,0.4074277399581929,-0.020293605562481814
2024-06-07,1.382738364896337,-0.017542197273011984,0.4,0.4,-0.4,0.4,-0.4,0.4,0.4,0.4,0.4,0.3999997,0.4,-0.4,0.4,0.39999858,0.38273836489633695,-0.037479808403336014
2024-06-10,1.382428085723615,-0.00022439470878865553,0.4,0.4,-0.4,0.4,-0.4,0.4,0.4,0.4,0.4,0.3999997,0.4,-0.4,0.4,0.39999864,0.3824280857236151,-0.037695792841432575
2024-06-11,1.4188542237498472,0.026349390903155134,0.4,0.4,-0.4,0.4,-0.4,0.4,0.4,0.4,0.4,0.3999997,0.4,-0.4,0.4,0.39999864,0.41885422374984715,-0.012339663119260652
2024-06-12,1.4313852896331218,0.00883182054471865,0.4,0.4,-0.4,0.4,-0.4,0.4,0.4,0.4,0.4,0.39999968,0.4,-0.4,0.4,0.3999986,0.43138528963312184,-0.0036168242647936296
2024-06-13,1.4455817436574332,0.009917982339995968,0.4,0.4,-0.4,0.4,-0.4,0.4,0.4,0.4,0.4,0.39999968,0.4,-0.4,0.4,0.39999872,0.4455817436574332,0.0
2024-06-14,1.4437972621440216,-0.0012344383299257577,0.4,0.4,-0.4,0.4,-0.4,0.4,0.4,0.4,0.4,0.39999968,0.4,-0.4,0.4,0.3999987,0.4437972621440216,-0.0012344383299257224
2024-06-17,1.4593843907279327,0.010795926126611732,0.4,0.4,-0.4,0.4,-0.4,0.4,0.4,0.4,0.4,0.39999962,0.4,-0.4,0.4,0.39999864,0.4593843907279327,0.0
2024-06-18,1.4713482452890476,0.008197877568875134,0.4,0.4,-0.4,0.4,-0.4,0.4,0.4,0.4,0.4,0.39999962,0.4,-0.4,0.4,0.39999878,0.4713482452890476,0.0
2024-06-20,1.4678174378892586,-0.0023997088460151472,0.4,0.4,-0.4,0.4,-0.4,0.4,0.4,0.4,0.4,0.3999996,0.4,-0.4,0.4,0.39999875,0.46781743788925856,-0.002399708846015193
2024-06-21,1.4261249988609728,-0.028404376424523203,0.4,0.4,-0.4,0.4,-0.4,0.4,0.4,0.4,0.4,0.39999956,0.4,-0.4,0.4,0.3999987,0.42612499886097277,-0.03073592303716698
2024-06-24,1.4887070335174577,0.043882573201134756,0.4,0.4,-0.4,0.4,-0.4,0.4,0.4,0.4,0.4,0.3999996,0.4,-0.4,0.4,0.39999875,0.4887070335174577,0.0
2024-06-25,1.4718423948622312,-0.01132837977891421,0.4,0.4,-0.4,0.4,-0.4,0.4,0.4,0.4,0.4,0.3999996,0.4,-0.4,0.4,0.39999875,0.47184239486223123,-0.011328379778914172
2024-06-26,1.4377237247390162,-0.023180926329010032,0.4,0.4,-0.4,0.4,-0.4,0.4,0.4,0.4,0.4,0.39999956,0.4,-0.4,0.4,0.39999875,0.4377237247390162,-0.0342467037708421
2024-06-27,1.438338619831407,0.0004276865449253098,0.4,0.4,-0.4,0.4,-0.4,0.4,0.4,0.4,0.4,0.39999947,0.4,-0.4,0.4,0.39999858,0.438338619831407,-0.03383366408032763
2024-06-28,1.413723478773052,-0.017113592528886112,0.4,0.4,-0.4,0.4,-0.4,0.4,0.4,0.4,0.4,0.39999938,0.4,-0.4,0.4,0.39999855,0.41372347877305193,-0.05036824106838376
2024-07-01,1.4088539637728232,-0.0034444607261208127,0.4,0.4,-0.4,0.4,-0.4,0.4,0.4,0.4,0.4,0.39999935,0.4,-0.4,0.4,0.39999864,0.40885396377282324,-0.05363921036630075
2024-07-02,1.4268127111667412,0.012747060984110492,0.4,0.4,-0.4,0.4,-0.4,0.4,0.4,0.4,0.4,0.39999935,0.4,-0.4,0.4,0.39999872,0.42681271116674124,-0.04157589166786901
2024-07-03,1.4448455302065992,0.012638532653043155,0.4,0.4,-0.4,0.4,-0.4,0.4,0.4,0.4,0.4,0.39999938,0.4,-0.4,0.4,0.39999875,0.4448455302065992,-0.02946281727924954
2024-07-05,1.4973604489224879,0.03634638971294013,0.4,0.4,-0.4,0.4,-0.4,0.4,0.4,0.4,0.4,0.39999944,0.4,-0.4,0.4,0.3999988,0.4973604489224879,0.0
2024-07-08,1.4787154769320772,-0.012451892931877429,0.4,0.4,-0.4,0.4,-0.4,0.4,0.4,0.4,0.4,0.39999935,0.4,-0.4,0.4,0.3999987,0.47871547693207717,-0.012451892931877408
2024-07-09,1.4728036175533494,-0.003997969501876808,0.4,0.4,-0.4,0.4,-0.4,0.4,0.4,0.4,0.4,0.39999944,0.4,-0.4,0.4,0.39999878,0.47280361755334943,-0.016400080145571982
2024-07-10,1.5058063205160255,0.022408081138136193,0.4,0.4,-0.4,0.4,-0.4,0.4,0.4,0.4,0.4,0.3999995,0.4,-0.4,0.4,0.39999887,0.5058063205160255,0.0
2024-07-11,1.5265892593212704,0.013801867160527559,0.4,0.4,-0.4,0.4,-0.4,0.4,0.4,0.4,0.4,0.3999995,0.4,-0.4,0.4,0.3999989,0.5265892593212704,0.0
2024-07-12,1.532330674840689,0.0037609432166261225,0.4,0.4,-0.4,0.4,-0.4,0.4,0.4,0.4,0.4,0.3999995,0.4,-0.4,0.4,0.39999887,0.5323306748406891,0.0
2024-07-15,1.5464907720687804,0.009240888706717021,0.4,0.4,-0.4,0.4,-0.4,0.4,0.4,0.4,0.4,0.3999996,0.4,-0.4,0.4,0.39999893,0.5464907720687804,0.0
2024-07-16,1.5951928356949743,0.031491984631142556,0.4,0.4,-0.4,0.4,-0.4,0.4,0.4,0.4,0.4,0.3999997,0.4,-0.4,0.4,0.3999991,0.5951928356949743,0.0
2024-07-17,1.5970095054000333,0.0011388401855927377,0.4,0.4,-0.4,0.4,-0.4,0.4,0.4,0.4,0.4,0.39999977,0.4,-0.4,0.4,0.3999993,0.5970095054000333,0.0
2024-07-18,1.5845652639151964,-0.007792215038644801,0.4,0.4,-0.4,0.4,-0.4,0.4,0.4,0.4,0.4,0.39999983,0.4,-0.4,0.4,0.3999993,0.5845652639151964,-0.007792215038644851
2024-07-19,1.5608181011937976,-0.014986547580074783,0.4,0.4,-0.4,0.4,-0.4,0.4,0.4,0.4,0.4,0.39999983,0.4,-0.4,0.4,0.3999993,0.5608181011937976,-0.022661984217288756
2024-07-22,1.5632965709310451,0.0015879299037804273,0.4,0.4,-0.4,0.4,-0.4,0.4,0.4,0.4,0.4,0.39999983,0.4,-0.4,0.4,0.39999932,0.5632965709310451,-0.021110039955925895
2024-07-23,1.548305834175831,-0.00958918290614963,0.4,0.4,-0.4,0.4,-0.4,0.4,0.4,0.4,0.4,0.39999983,0.4,-0.4,0.4,0.39999932,0.5483058341758309,-0.030496794827781972
2024-07-24,1.5203371519981714,-0.01806405527919963,0.4,0.4,-0.4,0.4,-0.4,0.4,0.4,0.4,0.4,0.39999983,0.4,-0.4,0.4,0.39999926,0.5203371519981714,-0.04800995431937412
2024-07-25,1.5238360850198627,0.002301419140545713,0.4,0.4,-0.4,0.4,-0.4,0.4,0.4,0.4,0.4,0.39999983,0.4,-0.4,0.4,0.3999993,0.5238360850198627,-0.045819026206635804
2024-07-26,1.577279416097599,0.03507157469436062,0.4,0.4,-0.4,0.4,-0.4,0.4,0.4,0.4,0.4,0.39999983,0.4,-0.4,0.4,0.39999923,0.5772794160975989,-0.012354396912304033
2024-07-29,1.5693364687028137,-0.005035853073158791,0.4,0.4,-0.4,0.4,-0.4,0.4,0.4,0.4,0.4,0.39999983,0.4,-0.4,0.4,0.39999932,0.5693364687028137,-0.017328035057804964
2024-07-30,1.599451354310725,0.019189565914315088,0.4,0.4,-0.4,0.4,-0.4,0.4,0.4,0.4,0.4,0.39999983,0.4,-0.4,0.4,0.39999932,0.5994513543107249,0.0
2024-07-31,1.5974217439504266,-0.001268941599773088,0.4,0.4,-0.4,0.4,-0.4,0.4,0.4,0.4,0.4,0.39999983,0.4,-0.4,0.4,0.39999926,0.5974217439504266,-0.001268941599773137
2024-08-01,1.6357271034760854,0.02397949049505832,0.4,0.4,-0.4,0.4,-0.4,0.4,0.4,0.4,0.4,0.39999983,0.4,-0.4,0.4,0.3999993,0.6357271034760854,0.0
2024-08-02,1.6914278519995556,0.03405259251686932,0.4,0.4,-0.4,0.4,-0.4,0.4,0.4,0.4,0.4,0.3999998,0.4,-0.4,0.4,0.3999993,0.6914278519995556,0.0
2024-08-05,1.6086986307295548,-0.04891087797342397,0.4,0.4,-0.4,0.4,-0.4,0.4,0.4,0.4,0.4,0.3999998,0.4,-0.4,0.4,0.39999926,0.6086986307295548,-0.04891087797342393
2024-08-06,1.6303539888842755,0.01346141392866107,0.4,0.4,-0.4,0.4,-0.4,0.4,0.4,0.4,0.4,0.39999983,0.4,-0.4,0.4,0.39999923,0.6303539888842755,-0.036107873618777396
2024-08-07,1.6203491826576641,-0.006136585241502179,0.4,0.4,-0.4,0.4,-0.4,0.4,0.4,0.4,0.4,0.39999983,0.4,-0.4,0.4,0.3999992,0.6203491826576641,-0.04202287981592851
2024-08-08,1.6814455085320683,0.03770565414437099,0.4,0.4,-0.4,0.4,-0.4,0.4,0.4,0.4,0.4,0.39999983,0.4,-0.4,0.4,0.39999923,0.6814455085320683,-0.005901725844047351
2024-08-09,1.7148883405449116,0.019889334410866155,0.4,0.4,-0.4,0.4,-0.4,0.4,0.4,0.4,0.4,0.39999983,0.4,-0.4,0.4,0.3999993,0.7148883405449116,0.0
2024-08-12,1.728986626705909,0.008221110277371046,0.4,0.4,-0.4,0.4,-0.4,0.4,0.4,0.4,0.4,0.39999983,0.4,-0.4,0.4,0.39999932,0.7289866267059091,0.0
2024-08-13,1.755018633699215,0.015056222292998633,0.4,0.4,-0.4,0.4,-0.4,0.4,0.4,0.4,0.4,0.39999983,0.4,-0.4,0.4,0.39999935,0.7550186336992151,0.0
2024-08-14,1.7923546728063755,0.021273870482197532,0.4,0.4,-0.4,0.4,-0.4,0.4,0.4,0.4,0.4,0.39999983,0.4,-0.4,0.4,0.39999935,0.7923546728063755,0.0
2024-08-15,1.8014388667798837,0.005068301554002508,0.4,0.4,-0.4,0.4,-0.4,0.4,0.4,0.4,0.4,0.39999983,0.4,-0.4,0.4,0.39999935,0.8014388667798837,0.0
2024-08-16,1.8108039440276686,0.005198665034093164,0.4,0.4,-0.4,0.4,-0.4,0.4,0.4,0.4,0.4,0.39999986,0.4,-0.4,0.4,0.39999935,0.8108039440276686,0.0
2024-08-19,1.8105362660729587,-0.00014782271465263452,0.4,0.4,-0.4,0.4,-0.4,0.4,0.4,0.4,0.4,0.3999999,0.4,-0.4,0.4,0.39999938,0.8105362660729587,-0.0001478227146526769
2024-08-20,1.806834121882315,-0.0020447777048253624,0.4,0.4,-0.4,0.4,-0.4,0.4,0.4,0.4,0.4,0.39999986,0.4,-0.4,0.4,0.39999935,0.806834121882315,-0.002192298154886848
2024-08-21,1.822961334921735,0.008925674384884452,0.4,0.4,-0.4,0.4,-0.4,0.4,0.4,0.4,0.4,0.39999983,0.4,-0.4,0.4,0.39999932,0.8229613349217351,0.0
2024-08-22,1.8204617909866898,-0.0013711447890651929,0.4,0.4,-0.4,0.4,-0.4,0.4,0.4,0.4,0.4,0.39999983,0.4,-0.4,0.4,0.39999923,0.8204617909866898,-0.0013711447890651883
2024-08-23,1.8477156976802676,0.014970875427605668,0.4,0.4,-0.4,0.4,-0.4,0.4,0.4,0.4,0.4,0.39999983,0.4,-0.4,0.4,0.39999917,0.8477156976802676,0.0
2024-08-26,1.858500188484499,0.0058366613531350975,0.4,0.4,-0.4,0.4,-0.4,0.4,0.4,0.4,0.4,0.39999983,0.4,-0.4,0.4,0.39999923,0.8585001884844989,0.0
2024-08-27,1.873054616086485,0.007831275827770767,0.4,0.4,-0.4,0.4,-0.4,0.4,0.4,0.4,0.4,0.39999983,0.4,-0.4,0.4,0.3999992,0.8730546160864849,0.0
2024-08-28,1.871005847038287,-0.0010938116970014011,0.4,0.4,-0.4,0.4,-0.4,0.4,0.4,0.4,0.4,0.39999983,0.4,-0.4,0.4,0.39999914,0.8710058470382871,-0.0010938116970013875
2024-08-29,1.9092791756193084,0.02045601762367877,0.4,0.4,-0.4,0.4,-0.4,0.4,0.4,0.4,0.4,0.39999983,0.4,-0.4,0.4,0.39999914,0.9092791756193084,0.0
2024-08-30,1.8859573503441724,-0.012214989600759174,0.4,0.4,-0.4,0.4,-0.4,0.4,0.4,0.4,0.4,0.3999999,0.4,-0.4,0.4,0.39999917,0.8859573503441724,-0.012214989600759191
2024-09-03,1.8858773739793346,-4.240624255003045e-05,0.4,0.4,-0.4,0.4,-0.4,0.4,0.4,0.4,0.4,0.3999999,0.4,-0.4,0.4,0.3999992,0.8858773739793346,-0.012256877851497518
2024-09-04,1.9032179990081044,0.009194990760284627,0.4,0.4,-0.4,0.4,-0.4,0.4,0.4,0.4,0.4,0.39999986,0.4,-0.4,0.4,0.3999991,0.9032179990081044,-0.0031745889698073767
2024-09-05,1.8740698877387831,-0.015315172137144728,0.4,0.4,-0.4,0.4,-0.4,0.4,0.4,0.4,0.4,0.3999999,0.4,-0.4,0.4,0.39999902,0.8740698877387831,-0.018441141730414824
2024-09-06,1.8676657319423677,-0.003417244916166129,0.4,0.4,-0.4,0.4,-0.4,0.4,0.4,0.4,0.4,0.3999999,0.4,-0.4,0.4,0.39999902,0.8676657319423677,-0.0217953687487544
2024-09-09,1.9058039392442647,0.02042025328709829,0.4,0.4,-0.4,0.4,-0.4,0.4,0.4,0.4,0.4,0.3999999,0.4,-0.4,0.4,0.399999,0.9058039392442647,-0.0018201824119913742
2024-09-10,1.8865371168512257,-0.01010955114337686,0.4,0.4,-0.4,0.4,-0.4,0.4,0.4,0.4,0.4,0.3999999,0.4,-0.4,0.4,0.39999872,0.8865371168512257,-0.011911332328183947
2024-09-11,1.8484602612802115,-0.02018346484195732,0.4,0.4,-0.4,0.4,-0.4,0.4,0.4,0.4,0.4,0.39999986,0.4,-0.4,0.4,0.39999858,0.8484602612802115,-0.0318543852128745
2024-09-12,1.8729758225023891,0.013262693137475745,0.4,0.4,-0.4,0.4,-0.4,0.4,0.4,0.4,0.4,0.39999986,0.4,-0.4,0.4,0.39999846,0.8729758225023891,-0.019014167011560057
2024-09-13,1.8900339566552375,0.009107503656965443,0.4,0.4,-0.4,0.4,-0.4,0.4,0.4,0.4,0.4,0.39999983,0.4,-0.4,0.4,0.39999828,0.8900339566552375,-0.010079834950186531
2024-09-16,1.926524001246067,0.01930655502899281,0.4,0.4,-0.4,0.4,-0.4,0.4,0.4,0.4,0.4,0.39999983,0.4,-0.4,0.4,0.399998,0.9265240012460669,0.0
2024-09-17,1.9173009377680532,-0.004787411665802432,0.4,0.4,-0.4,0.4,-0.4,0.4,0.4,0.4,0.4,0.39999983,0.4,-0.4,0.4,0.39999783,0.9173009377680532,-0.004787411665802388
2024-09-18,1.9070581517413825,-0.005342294381076362,0.4,0.4,-0.4,0.39999998,-0.4,0.4,0.4,0.4,0.4,0.39999974,0.4,-0.4,0.4,0.39999735,0.9070581517413825,-0.010104130284436642
2024-09-19,1.9696475752421203,0.03281988199656416,0.4,0.4,-0.4,0.39999998,-0.4,0.4,0.4,0.4,0.4,0.39999968,0.4,-0.4,0.4,0.39999712,0.9696475752421203,0.0
2024-09-20,1.9572141497393396,-0.006312512786076585,0.4,0.4,-0.4,0.39999995,-0.4,0.4,0.4,0.4,0.4,0.39999962,0.4,-0.4,0.4,0.39999676,0.9572141497393396,-0.006312512786076624
2024-09-23,1.9647671284255255,0.0038590456170530807,0.4,0.4,-0.4,0.39999995,-0.4,0.4,0.4,0.4,0.4,0.39999965,0.4,-0.4,0.4,0.399997,0.9647671284255255,-0.002477827443823242
2024-09-24,1.9528494852921097,-0.006065677179242113,0.4,0.4,-0.4,0.39999995,-0.4,0.4,0.4,0.4,0.4,0.39999968,0.4,-0.4,0.4,0.3999971,0.9528494852921097,-0.00852847492168528
2024-09-25,1.9271978812905735,-0.013135474185149043,0.4,0.4,-0.4,0.39999995,-0.4,0.4,0.4,0.4,0.4,0.3999996,0.4,-0.4,0.4,0.39999643,0.9271978812905735,-0.02155192354466189
2024-09-26,1.9205309906714074,-0.0034593700438801944,0.4,0.4,-0.4,0.39999995,-0.4,0.4,0.4,0.4,0.4,0.39999953,0.4,-0.4,0.4,0.39999646,0.9205309906714074,-0.024936737509843706
2024-09-27,1.946997188503896,0.013780666889023241,0.4,0.4,-0.4,0.39999995,-0.4,0.4,0.4,0.4,0.4,0.39999935,0.4,-0.4,0.4,0.3999961,0.9469971885038959,-0.01149971549374262
2024-09-30,1.9761131961439449,0.014954314167460181,0.4,0.4,-0.4,0.39999995,-0.4,0.4,0.4,0.4,0.4,0.39999914,0.4,-0.4,0.4,0.39999628,0.9761131961439449,0.0
2024-10-01,1.9759091982252113,-0.00010323189943350908,0.4,0.4,-0.4,0.39999995,-0.4,0.4,0.4,0.4,0.4,0.3999991,0.4,-0.4,0.4,0.39999655,0.9759091982252113,-0.00010323189943352861
2024-10-02,1.9601541972842265,-0.007973545016712436,0.4,0.4,-0.4,0.39999995,-0.4,0.4,0.4,0.4,0.4,0.3999991,0.4,-0.4,0.4,0.3999968,0.9601541972842265,-0.008075953791948625
2024-10-03,1.9596710153532013,-0.0002465020005540941,0.4,0.4,-0.4,0.39999995,-0.4,0.4,0.4,0.4,0.4,0.39999917,0.4,-0.4,0.4,0.39999688,0.9596710153532013,-0.008320465053736662
2024-10-04,1.9610630573491366,0.0007103447390042206,0.4,0.4,-0.4,0.39999995,-0.4,0.4,0.4,0.4,0.4,0.3999991,0.4,-0.4,0.4,0.39999706,0.9610630573491366,-0.007616030713309417
2024-10-07,1.928538991896904,-0.016584915681496226,0.4,0.4,-0.4,0.39999995,-0.4,0.4,0.4,0.4,0.4,0.399999,0.4,-0.4,0.4,0.3999972,0.928538991896904,-0.024074635167597665
2024-10-08,1.9305036541480878,0.0010187308939246797,0.4,0.4,-0.4,0.39999995,-0.4,0.4,0.4,0.4,0.4,0.39999887,0.4,-0.4,0.4,0.3999973,0.9305036541480878,-0.023080429848278176
2024-10-09,1.9573733664879103,0.013918498564914561,0.4,0.4,-0.4,0.39999995,-0.4,0.4,0.4,0.4,0.4,0.39999852,0.39999998,-0.4,0.4,0.39999723,0.9573733664879103,-0.009483176213084478
2024-10-10,1.93403093782567,-0.011925383813780721,0.4,0.4,-0.4,0.39999995,-0.4,0.4,0.4,0.4,0.4,0.39999864,0.4,-0.4,0.4,0.39999747,0.9340309378256699,-0.021295469510750422
2024-10-11,1.961970178332658,0.014446118705008226,0.4,0.4,-0.4,0.39999995,-0.4,0.4,0.4,0.4,0.4,0.39999875,0.4,-0.4,0.4,0.39999774,0.961970178332658,-0.007156987686173366
2024-10-14,1.9847388228587104,0.011604990115294145,0.4,0.4,-0.4,0.39999995,-0.4,0.4,0.4,0.4,0.4,0.3999989,0.4,-0.4,0.4,0.39999792,0.9847388228587104,0.0
2024-10-15,1.9824440333611917,-0.0011562173677912568,0.4,0.4,-0.4,0.39999998,-0.4,0.4,0.4,0.4,0.4,0.3999991,0.4,-0.4,0.4,0.39999795,0.9824440333611917,-0.0011562173677912046
2024-10-16,1.9870425622610304,0.002319626089036131,0.4,0.4,-0.4,0.39999998,-0.4,0.4,0.4,0.4,0.4,0.3999992,0.4,-0.4,0.4,0.39999822,0.9870425622610304,0.0
2024-10-17,1.9813555306161714,-0.0028620582935011685,0.4,0.4,-0.4,0.39999998,-0.4,0.4,0.4,0.4,0.4,0.3999992,0.4,-0.4,0.4,0.39999816,0.9813555306161714,-0.002862058293501148
2024-10-18,1.997556917852261,0.008176920792731801,0.4,0.4,-0.4,0.39999998,-0.4,0.4,0.4,0.4,0.4,0.3999992,0.4,-0.4,0.4,0.39999813,0.997556917852261,0.0
2024-10-21,1.9488738494136657,-0.02437130476909688,0.4,0.4,-0.4,0.39999998,-0.4,0.4,0.4,0.4,0.4,0.39999914,0.4,-0.4,0.4,0.39999795,0.9488738494136657,-0.024371304769096876
2024-10-22,1.9780000746343076,0.014945156778313207,0.4,0.4,-0.4,0.39999998,-0.4,0.4,0.4,0.4,0.4,0.39999917,0.4,-0.4,0.4,0.3999979,0.9780000746343076,-0.009790380961449924
2024-10-23,1.9430964950432625,-0.017645893970705706,0.4,0.4,-0.4,0.39999998,-0.4,0.4,0.4,0.4,0.4,0.39999923,0.4,-0.4,0.4,0.39999786,0.9430964950432625,-0.02726351490777712
2024-10-24,1.947865107345248,0.0024541304634895234,0.4,0.4,-0.4,0.39999998,-0.4,0.4,0.4,0.4,0.4,0.39999935,0.4,-0.4,0.4,0.39999792,0.947865107345248,-0.024876292666764548
2024-10-25,1.9179376274783355,-0.01536424660725133,0.4,0.4,-0.4,0.39999998,-0.4,0.4,0.4,0.4,0.4,0.3999994,0.4,-0.4,0.4,0.39999786,0.9179376274783355,-0.03985833377880955
2024-10-28,1.925827899834474,0.004113935846032923,0.4,0.4,-0.4,0.39999998,-0.4,0.4,0.4,0.4,0.4,0.39999944,0.4,-0.4,0.4,0.3999978,0.925827899834474,-0.0359083725608724
2024-10-29,1.9080031468134733,-0.009255631317072965,0.4,0.4,-0.4,0.39999998,-0.4,0.4,0.4,0.4,0.4,0.39999935,0.4,-0.4,0.4,0.3999978,0.9080031468134733,-0.04483164922032579
2024-10-30,1.8843383152021858,-0.012402931122419636,0.4,0.4,-0.4,0.39999998,-0.4,0.4,0.4,0.4,0.4,0.39999938,0.4,-0.4,0.4,0.39999792,0.8843383152021858,-0.05667853648536129
2024-10-31,1.8186334900914354,-0.03486891105523182,0.4,0.4,-0.4,0.39999998,-0.4,0.4,0.4,0.4,0.4,0.3999994,0.4,-0.4,0.4,0.39999804,0.8186334900914354,-0.08957112869314432
2024-11-01,1.7538281340156823,-0.03563409363614811,0.4,0.4,-0.4,0.39999998,-0.4,0.4,0.4,0.4,0.4,0.39999947,0.4,-0.4,0.4,0.39999816,0.7538281340156823,-0.12201343634234549
2024-11-04,1.7737629162157713,0.011366439968347963,0.4,0.4,-0.4,0.39999998,-0.4,0.4,0.4,0.4,0.4,0.39999947,0.4,-0.4,0.4,0.39999813,0.7737629162157713,-0.11203385477351462
2024-11-05,1.8095569155836395,0.02017969765893679,0.4,0.4,-0.4,0.39999998,-0.4,0.4,0.4,0.4,0.4,0.39999947,0.4,-0.4,0.4,0.39999804,0.8095569155836395,-0.09411496643147263
2024-11-06,1.7758872085130908,-0.018606602964841956,0.4,0.4,-0.4,0.39999998,-0.4,0.4,0.4,0.4,0.4,0.3999994,0.4,-0.4,0.4,0.39999813,0.7758872085130908,-0.1109704095828747
2024-11-07,1.8089268639459688,0.018604591144356197,0.4,0.4,-0.4,0.39999998,-0.4,0.4,0.4,0.4,0.4,0.3999994,0.4,-0.4,0.4,0.39999813,0.8089268639459688,-0.09443037753792967
2024-11-08,1.8511145520563073,0.02332194239092167,0.4,0.4,-0.4,0.4,-0.4,0.4,0.4,0.4,0.4,0.39999944,0.4,-0.4,0.4,0.39999852,0.8511145520563073,-0.07331073497190059
2024-11-11,1.8129592873782214,-0.02061204944648143,0.4,0.4,-0.4,0.39999998,-0.4,0.4,0.4,0.4,0.4,0.3999994,0.4,-0.4,0.4,0.39999855,0.8129592873782214,-0.09241169992418327
2024-11-12,1.7715236222571384,-0.022855265095888866,0.4,0.4,-0.4,0.39999998,-0.4,0.4,0.4,0.4,0.4,0.3999994,0.4,-0.4,0.4,0.39999852,0.7715236222571384,-0.11315487112034317
2024-11-13,1.7601869317896637,-0.006399401241418579,0.4,0.4,-0.4,0.4,-0.4,0.4,0.4,0.4,0.4,0.3999994,0.4,-0.4,0.4,0.39999855,0.7601869317896637,-0.11883014893904172
2024-11-14,1.7786807048938507,0.010506709696670447,0.4,0.4,-0.4,0.4,-0.4,0.4,0.4,0.4,0.4,0.39999947,0.4,-0.4,0.4,0.39999864,0.7786807048938507,-0.10957195312048594
2024-11-15,1.7509922175075436,-0.01556686779708416,0.4,0.4,-0.4,0.4,-0.4,0.4,0.4,0.4,0.4,0.39999944,0.4,-0.4,0.4,0.39999872,0.7509922175075436,-0.12343312880907518
2024-11-18,1.786452443545934,0.020251504080849747,0.4,0.4,-0.4,0.4,-0.4,0.4,0.4,0.4,0.4,0.39999947,0.4,-0.4,0.4,0.3999989,0.7864524435459339,-0.10568133124001441
2024-11-19,1.7734456321828964,-0.007280804708811761,0.4,0.4,-0.4,0.4,-0.4,0.4,0.4,0.4,0.4,0.39999947,0.4,-0.4,0.4,0.39999887,0.7734456321828964,-0.11219269081470037
2024-11-20,1.8035358148116802,0.016967073634925223,0.4,0.4,-0.4,0.4,-0.4,0.4,0.4,0.4,0.4,0.39999947,0.4,-0.4,0.4,0.39999878,0.8035358148116802,-0.09712919882612853
2024-11-21,1.8763131196593967,0.040352569796522575,0.4,0.4,-0.4,0.4,-0.4,0.4,0.4,0.4,0.4,0.3999995,0.4,-0.4,0.4,0.39999887,0.8763131196593967,-0.06069604180451764
2024-11-22,1.9303312078203332,0.028789484865267223,0.4,0.4,-0.4,0.4,-0.4,0.4,0.4,0.4,0.4,0.3999995,0.4,-0.4,0.4,0.39999893,0.9303312078203332,-0.03365396471616324
2024-11-25,1.9289194195922463,-0.0007313709804656066,0.4,0.4,-0.4,0.4,-0.4,0.4,0.4,0.4,0.4,0.39999953,0.4,-0.4,0.4,0.3999989,0.9289194195922463,-0.0343607221634578
2024-11-26,1.938596873473889,0.0050170337772266205,0.4,0.4,-0.4,0.4,-0.4,0.4,0.4,0.4,0.4,0.3999995,0.4,-0.4,0.4,0.3999989,0.938596873473889,-0.029516077289935157
2024-11-27,1.9544556423264456,0.008180539786045493,0.4,0.4,-0.4,0.4,-0.4,0.4,0.4,0.4,0.4,0.39999953,0.4,-0.4,0.4,0.3999989,0.9544556423264456,-0.02157699494848792
2024-11-29,1.9899652521209843,0.018168542189205494,0.4,0.4,-0.4,0.4,-0.4,0.4,0.4,0.4,0.4,0.39999956,0.4,-0.4,0.4,0.39999893,0.9899652521209843,-0.0038004753023203487
2024-12-02,1.9847943714178737,-0.0025984778867867986,0.4,0.4,-0.4,0.4,-0.4,0.4,0.4,0.4,0.4,0.39999956,0.4,-0.4,0.4,0.3999989,0.9847943714178737,-0.006389077738074821
2024-12-03,1.9924532088647242,0.0038587561296736794,0.4,0.4,-0.4,0.4,-0.4,0.4,0.4,0.4,0.4,0.39999953,0.4,-0.4,0.4,0.39999887,0.9924532088647242,-0.002554975501285931
2024-12-04,1.9526445826791332,-0.019979704420900024,0.4,0.4,-0.4,0.4,-0.4,0.4,0.4,0.4,0.4,0.39999947,0.4,-0.4,0.4,0.39999887,0.9526445826791332,-0.022483632266867636
2024-12-05,1.9534467108073146,0.000410790645310799,0.4,0.4,-0.4,0.4,-0.4,0.4,0.4,0.4,0.4,0.39999938,0.4,-0.4,0.4,0.39999878,0.9534467108073146,-0.022082077687364688
2024-12-06,1.9216183887337115,-0.016293417116277076,0.4,0.4,-0.4,0.4,-0.4,0.4,0.4,0.4,0.4,0.39999926,0.4,-0.4,0.4,0.39999858,0.9216183887337115,-0.038015702301087514
2024-12-09,1.9136487515222245,-0.004147356862430285,0.4,0.4,-0.4,0.39999998,-0.4,0.4,0.4,0.4,0.4,0.3999992,0.4,-0.4,0.4,0.39999843,0.9136487515222245,-0.042005394479699296
2024-12-10,1.8890175704013723,-0.012871317738565757,0.4,0.4,-0.4,0.39999998,-0.4,0.4,0.4,0.4,0.4,0.39999917,0.4,-0.4,0.4,0.39999846,0.8890175704013723,-0.05433604743918302
2024-12-11,1.8317198321800172,-0.030332030320491254,0.4,0.4,-0.4,0.39999998,-0.4,0.4,0.4,0.4,0.4,0.3999991,0.4,-0.4,0.4,0.3999983,0.8317198321800172,-0.08301995512125329
2024-12-12,1.8167128702054314,-0.00819282605938998,0.4,0.4,-0.4,0.39999998,-0.4,0.4,0.4,0.4,0.4,0.39999902,0.4,-0.4,0.4,0.39999834,0.8167128702054314,-0.09053261312887646
2024-12-13,1.7859837966450733,-0.016914656170671116,0.4,0.4,-0.4,0.39999998,-0.4,0.4,0.4,0.4,0.4,0.399999,0.4,-0.4,0.4,0.39999816,0.7859837966450733,-0.1059159412762403
2024-12-16,1.7345801966031402,-0.028781672117347057,0.4,0.4,-0.4,0.39999998,-0.4,0.4,0.4,0.4,0.4,0.3999989,0.4,-0.4,0.4,0.39999807,0.7345801966031402,-0.1316491754997744
2024-12-17,1.7386697766271437,0.0023576771094309112,0.4,0.4,-0.4,0.39999998,-0.4,0.4,0.4,0.4,0.4,0.399999,0.4,-0.4,0.4,0.39999804,0.7386697766271437,-0.1296018846378947
2024-12-18,1.6425967559408459,-0.05525662318273605,0.4,0.4,-0.4,0.39999998,-0.4,0.4,0.4,0.4,0.4,0.39999908,0.4,-0.4,0.4,0.39999813,0.6425967559408459,-0.17769714531742214
2024-12-19,1.6116219521338144,-0.018857217205016208,0.4,0.4,-0.4,0.39999998,-0.4,0.4,0.4,0.4,0.4,0.39999908,0.4,-0.4,0.4,0.39999804,0.6116219521338144,-0.19320348885647634
2024-12-20,1.6338971814601915,0.013821621936139783,0.4,0.4,-0.4,0.39999998,-0.4,0.4,0.4,0.4,0.4,0.39999923,0.4,-0.4,0.4,0.39999816,0.6338971814601915,-0.18205225250005402
2024-12-23,1.6331680916294609,-0.0004462274854278858,0.4,0.4,-0.4,0.39999998,-0.4,0.4,0.4,0.4,0.4,0.39999932,0.4,-0.4,0.4,0.39999834,0.6331680916294609,-0.1824172432666323
2024-12-24,1.6643670149690528,0.019103314288037465,0.4,0.4,-0.4,0.4,-0.4,0.4,0.4,0.4,0.4,0.39999932,0.4,-0.4,0.4,0.39999843,0.6643670149690528,-0.1667987029082747
2024-12-26,1.6760690333464936,0.007030912215992391,0.4,0.4,-0.4,0.4,-0.4,0.4,0.4,0.4,0.4,0.39999935,0.4,-0.4,0.4,0.3999984,0.6760690333464936,-0.16094053773017175
2024-12-27,1.6501088086048818,-0.015488756265473524,0.4,0.4,-0.4,0.39999998,-0.4,0.4,0.4,0.4,0.4,0.39999926,0.4,-0.4,0.4,0.39999846,0.6501088086048818,-0.17393652523350844
2024-12-30,1.619967847086261,-0.018266044858038177,0.4,0.4,-0.4,0.4,-0.4,0.4,0.4,0.4,0.4,0.39999923,0.4,-0.4,0.4,0.3999986,0.6199678470862611,-0.1890254377191801
2024-12-31,1.6317227138220822,0.0072562345956210805,0.4,0.4,-0.4,0.4,-0.4,0.4,0.4,0.4,0.4,0.39999926,0.4,-0.4,0.4,0.39999872,0.6317227138220822,-0.18314081604418933
2025-01-02,1.6373309869352228,0.0034370258289804223,0.4,0.4,-0.4,0.4,-0.4,0.4,0.4,0.4,0.4,0.3999993,0.4,-0.4,0.4,0.39999872,0.6373309869352228,-0.1803332499302933
2025-01-03,1.6363739916022326,-0.0005844849579140776,0.4,0.4,-0.4,0.4,-0.4,0.4,0.4,0.4,0.4,0.39999947,0.4,-0.4,0.4,0.39999887,0.6363739916022326,-0.18081233281621134
2025-01-06,1.6275520086356823,-0.005391177696433824,0.4,0.4,-0.4,0.4,-0.4,0.4,0.4,0.4,0.4,0.39999953,0.4,-0.4,0.4,0.39999893,0.6275520086356823,-0.18522871909672622
2025-01-07,1.6251070765311217,-0.0015022144248465485,0.4,0.4,-0.4,0.4,-0.4,0.4,0.4,0.4,0.4,0.39999953,0.4,-0.4,0.4,0.399999,0.6251070765311217,-0.18645268026784986
2025-01-08,1.6408588261623467,0.009692745701931127,0.4,0.4,-0.4,0.4,-0.4,0.4,0.4,0.4,0.4,0.39999953,0.4,-0.4,0.4,0.39999908,0.6408588261623467,-0.17856717298119845
2025-01-10,1.6146557393001797,-0.015969129363463286,0.4,0.4,-0.4,0.4,-0.4,0.4,0.4,0.4,0.4,0.39999944,0.4,-0.4,0.4,0.399999,0.6146557393001797,-0.19168474005925704
2025-01-13,1.6283091180559919,0.008455906992118178,0.4,0.4,-0.4,0.4,-0.4,0.4,0.4,0.4,0.4,0.39999938,0.4,-0.4,0.4,0.39999896,0.6283091180559919,-0.18484970140088824
2025-01-14,1.6246820886021964,-0.002227482124601554,0.4,0.4,-0.4,0.4,-0.4,0.4,0.4,0.4,0.4,0.3999995,0.4,-0.4,0.4,0.39999902,0.6246820886021964,-0.1866654341198814
2025-01-15,1.689460185518594,0.039871244578149945,0.4,0.4,-0.4,0.4,-0.4,0.4,0.4,0.4,0.4,0.39999956,0.4,-0.4,0.4,0.39999905,0.689460185518594,-0.15423677271981182
2025-01-16,1.699674995106152,0.00604619728544975,0.4,0.4,-0.4,0.4,-0.4,0.4,0.4,0.4,0.4,0.39999962,0.4,-0.4,0.4,0.3999991,0.699674995106152,-0.14912312139089706
2025-01-17,1.6904431415830874,-0.005431540470763996,0.4,0.4,-0.4,0.4,-0.4,0.4,0.4,0.4,0.4,0.39999968,0.4,-0.4,0.4,0.39999917,0.6904431415830874,-0.15374469359269977
2025-01-21,1.6866028372069233,-0.0022717737625695955,0.4,0.4,-0.4,0.4,-0.4,0.4,0.4,0.4,0.4,0.39999968,0.4,-0.4,0.4,0.3999991,0.6866028372069233,-0.1556671941942311
2025-01-22,1.6787333540415021,-0.004665878054879391,0.4,0.4,-0.4,0.4,-0.4,0.4,0.4,0.4,0.4,0.39999962,0.4,-0.4,0.4,0.3999991,0.6787333540415021,-0.15960674810385503
2025-01-23,1.7066238314092732,0.016614000848095056,0.4,0.4,-0.4,0.4,-0.4,0.4,0.4,0.4,0.4,0.39999953,0.4,-0.4,0.4,0.39999893,0.7066238314092732,-0.14564445390411906
2025-01-24,1.7192964294533895,0.00742553678841551,0.4,0.4,-0.4,0.4,-0.4,0.4,0.4,0.4,0.4,0.3999995,0.4,-0.4,0.4,0.3999989,0.7192964294533895,-0.13930040536619726
2025-01-27,1.8300473612253583,0.06441642632107336,0.4,0.4,-0.4,0.4,-0.4,0.4,0.4,0.4,0.4,0.39999953,0.4,-0.4,0.4,0.3999988,0.8300473612253583,-0.08385721334389115
2025-01-28,1.8398958660478302,0.005381557347170274,0.4,0.4,-0.4,0.4,-0.4,0.4,0.4,0.4,0.4,0.3999996,0.4,-0.4,0.4,0.39999887,0.8398958660478302,-0.07892693839930492
2025-01-29,1.836990340645927,-0.001579179265261632,0.4,0.4,-0.4,0.4,-0.4,0.4,0.4,0.4,0.4,0.3999996,0.4,-0.4,0.4,0.39999887,0.8369903406459269,-0.08038147787997575
2025-01-30,1.8286000369327475,-0.004567418525580957,0.4,0.4,-0.4,0.4,-0.4,0.4,0.4,0.4,0.4,0.3999996,0.4,-0.4,0.4,0.39999887,0.8286000369327475,-0.08458176055437408
2025-01-31,1.766842919786136,-0.033772895055936614,0.4,0.4,-0.4,0.4,-0.4,0.4,0.4,0.4,0.4,0.39999965,0.4,-0.4,0.4,0.39999875,0.766842919786136,-0.1154980846874615
2025-02-03,1.7768265212906118,0.005650531460761776,0.4,0.4,-0.4,0.4,-0.4,0.4,0.4,0.4,0.4,0.3999997,0.4,-0.4,0.4,0.39999875,0.7768265212906118,-0.11050017878788392
2025-02-04,1.7793779808146177,0.0014359643406001155,0.4,0.4,-0.4,0.4,-0.4,0.4,0.4,0.4,0.4,0.3999997,0.4,-0.4,0.4,0.39999884,0.7793779808146177,-0.1092228887636531
2025-02-05,1.8831124230083434,0.05829814874197492,0.4,0.4,-0.4,0.4,-0.4,0.4,0.4,0.4,0.4,0.3999997,0.4,-0.4,0.4,0.39999875,0.8831124230083434,-0.05729223223684979
2025-02-06,1.8747625838948296,-0.0044340629967140055,0.4,0.4,-0.4,0.4,-0.4,0.4,0.4,0.4,0.4,0.3999997,0.4,-0.4,0.4,0.39999864,0.8747625838948296,-0.06147225786660322
2025-02-07,1.8881679421590112,0.007150429808734371,0.4,0.4,-0.4,0.4,-0.4,0.4,0.4,0.4,0.4,0.3999998,0.4,-0.4,0.4,0.39999875,0.8881679421590112,-0.054761381122928374
2025-02-10,1.8983947569517359,0.005416263333562821,0.4,0.4,-0.4,0.4,-0.4,0.4,0.4,0.4,0.4,0.39999983,0.4,-0.4,0.4,0.39999878,0.8983947569517359,-0.049641719850036896
2025-02-11,1.9268380605340232,0.01498281823531733,0.4,0.4,-0.4,0.4,-0.4,0.4,0.4,0.4,0.4,0.39999983,0.4,-0.4,0.4,0.39999884,0.9268380605340232,-0.035402674480121195
2025-02-12,1.9247222149531447,-0.0010980920629584112,0.4,0.4,-0.4,0.4,-0.4,0.4,0.4,0.4,0.4,0.39999986,0.4,-0.4,0.4,0.3999989,0.9247222149531447,-0.03646189114722545
2025-02-13,1.97505991655435,0.026153229390782906,0.4,0.4,-0.4,0.4,-0.4,0.4,0.4,0.4,0.4,0.39999986,0.4,-0.4,0.4,0.39999884,0.9750599165543501,-0.01126225795963765
2025-02-14,1.9803969467280325,0.0027022117804877954,0.4,0.4,-0.4,0.4,-0.4,0.4,0.4,0.4,0.4,0.3999999,0.4,-0.4,0.4,0.39999896,0.9803969467280325,-0.0085904791852833
2025-02-18,1.9872866507007496,0.003478951017421128,0.4,0.4,-0.4,0.4,-0.4,0.4,0.4,0.4,0.4,0.3999999,0.4,-0.4,0.4,0.399999,0.9872866507007496,-0.005141414024163965
2025-02-19,2.0058262203285557,0.009329086783363083,0.4,0.4,-0.4,0.4,-0.4,0.4,0.4,0.4,0.4,0.39999992,0.4,-0.4,0.4,0.39999905,1.0058262203285557,0.0
2025-02-20,2.0196220964161125,0.006877901957676569,0.4,0.4,-0.4,0.4,-0.4,0.4,0.4,0.4,0.4,0.39999992,0.4,-0.4,0.4,0.39999905,1.0196220964161125,0.0
2025-02-21,2.033306756266302,0.006775851717246262,0.4,0.4,-0.4,0.4,-0.4,0.4,0.4,0.4,0.4,0.39999995,0.4,-0.4,0.4,0.39999914,1.033306756266302,0.0
2025-02-24,2.05700356111129,0.011654318647178252,0.4,0.4,-0.4,0.4,-0.4,0.4,0.4,0.4,0.4,0.39999995,0.4,-0.4,0.4,0.3999991,1.0570035611112898,0.0
2025-02-25,2.0702880214252035,0.006458161067420143,0.4,0.4,-0.4,0.4,-0.4,0.4,0.4,0.4,0.4,0.39999995,0.4,-0.4,0.4,0.3999991,1.0702880214252035,0.0
2025-02-26,2.049366617373158,-0.010105552384756189,0.4,0.4,-0.4,0.4,-0.4,0.4,0.4,0.4,0.4,0.39999995,0.4,-0.4,0.4,0.3999991,1.049366617373158,-0.010105552384756154
2025-02-27,2.049614180221825,0.00012079968833700327,0.4,0.4,-0.4,0.4,-0.4,0.4,0.4,0.4,0.4,0.39999995,0.4,-0.4,0.4,0.399999,1.049614180221825,-0.009985973443997617
2025-02-28,2.1249664690877097,0.036764133266159016,0.4,0.4,-0.4,0.4,-0.4,0.4,0.4,0.4,0.4,0.39999995,0.4,-0.4,0.4,0.3999991,1.1249664690877097,0.0
2025-03-03,2.1213533119742505,-0.001700336059895724,0.4,0.4,-0.4,0.4,-0.4,0.4,0.4,0.4,0.4,0.39999995,0.4,-0.4,0.4,0.3999992,1.1213533119742505,-0.0017003360598957687
2025-03-04,2.0048507506132403,-0.05491898058819178,0.4,0.4,-0.4,0.4,-0.4,0.4,0.4,0.4,0.4,0.39999995,0.4,-0.4,0.4,0.39999914,1.0048507506132403,-0.05652593592502074
2025-03-05,2.016849018585498,0.00598461903889258,0.4,0.4,-0.4,0.4,-0.4,0.4,0.4,0.4,0.4,0.39999995,0.4,-0.4,0.4,0.39999917,1.0168490185854981,-0.05087960307845635
2025-03-06,1.9937025659811236,-0.011476542066896078,0.4,0.4,-0.4,0.4,-0.4,0.4,0.4,0.4,0.4,0.39999995,0.4,-0.4,0.4,0.39999914,0.9937025659811236,-0.061772223240275544
2025-03-07,1.9969797608383133,0.0016437732052458909,0.4,0.4,-0.4,0.4,-0.4,0.4,0.4,0.4,0.4,0.39999995,0.4,-0.4,0.4,0.39999914,0.9969797608383133,-0.06022998956042051
